date,value
6/19/2012,6.65
6/20/2012,6.54
6/21/2012,6.52
6/22/2012,6.52
6/25/2012,6.6
6/26/2012,6.57
6/27/2012,6.52
6/28/2012,6.52
6/29/2012,6.36
6/30/2012,6.44
7/2/2012,6.45
7/3/2012,6.39
7/4/2012,6.38
7/5/2012,6.4
7/6/2012,6.44
7/9/2012,6.44
7/10/2012,6.4
7/11/2012,6.37
7/12/2012,6.41
7/13/2012,6.41
7/16/2012,6.39
7/17/2012,6.36
7/18/2012,6.33
7/19/2012,6.25
7/20/2012,6.28
7/23/2012,6.38
7/24/2012,6.4
7/25/2012,6.4
7/26/2012,6.35
7/27/2012,6.22
7/30/2012,6.2
7/31/2012,6.16
8/1/2012,6.1
8/2/2012,6.13
8/3/2012,6.01
8/6/2012,6
8/7/2012,5.91
8/8/2012,5.89
8/9/2012,5.91
8/10/2012,5.98
8/13/2012,5.96
8/14/2012,5.92
8/15/2012,5.88
8/16/2012,5.89
8/17/2012,5.89
8/20/2012,5.86
8/21/2012,5.83
8/22/2012,5.88
8/23/2012,5.89
8/24/2012,5.87
8/27/2012,5.87
8/28/2012,5.88
8/29/2012,5.84
8/30/2012,5.86
8/31/2012,5.98
9/3/2012,5.98
9/4/2012,5.94
9/5/2012,5.91
9/6/2012,5.8
9/7/2012,5.74
9/10/2012,5.68
9/11/2012,5.64
9/12/2012,5.51
9/13/2012,5.5
9/14/2012,5.3
9/17/2012,5.32
9/18/2012,5.33
9/19/2012,5.34
9/20/2012,5.38
9/21/2012,5.42
9/24/2012,5.5
9/25/2012,5.56
9/26/2012,5.8
9/27/2012,5.73
9/28/2012,5.72
9/30/2012,5.74
10/1/2012,5.71
10/2/2012,5.72
10/3/2012,5.68
10/4/2012,5.62
10/5/2012,5.55
10/8/2012,5.54
10/9/2012,5.56
10/10/2012,5.61
10/11/2012,5.57
10/12/2012,5.56
10/15/2012,5.48
10/16/2012,5.4
10/17/2012,5.27
10/18/2012,5.24
10/19/2012,5.31
10/22/2012,5.28
10/23/2012,5.41
10/24/2012,5.39
10/25/2012,5.33
10/26/2012,5.41
10/29/2012,5.46
10/30/2012,
10/31/2012,5.63
11/1/2012,5.57
11/2/2012,5.54
11/5/2012,5.57
11/6/2012,5.49
11/7/2012,5.63
11/8/2012,5.67
11/9/2012,5.77
11/12/2012,5.77
11/13/2012,5.82
11/14/2012,5.84
11/15/2012,5.94
11/16/2012,5.98
11/19/2012,5.85
11/20/2012,5.79
11/21/2012,5.72
11/22/2012,5.72
11/23/2012,5.71
11/26/2012,5.68
11/27/2012,5.65
11/28/2012,5.66
11/29/2012,5.58
11/30/2012,5.65
12/3/2012,5.6
12/4/2012,5.58
12/5/2012,5.51
12/6/2012,5.48
12/7/2012,5.42
12/10/2012,5.41
12/11/2012,5.35
12/12/2012,5.29
12/13/2012,5.27
12/14/2012,5.28
12/17/2012,5.31
12/18/2012,5.19
12/19/2012,5.19
12/20/2012,5.19
12/21/2012,5.26
12/24/2012,5.24
12/25/2012,
12/26/2012,5.24
12/27/2012,5.28
12/28/2012,5.3
12/31/2012,5.34
1/1/2013,
1/2/2013,5.16
1/3/2013,5.06
1/4/2013,5.04
1/7/2013,5.02
1/8/2013,5.02
1/9/2013,4.99
1/10/2013,4.94
1/11/2013,4.93
1/14/2013,4.91
1/15/2013,4.96
1/16/2013,4.95
1/17/2013,4.88
1/18/2013,4.89
1/21/2013,4.88
1/22/2013,4.88
1/23/2013,4.85
1/24/2013,4.82
1/25/2013,4.73
1/28/2013,4.72
1/29/2013,4.78
1/30/2013,4.84
1/31/2013,4.95
2/1/2013,4.94
2/4/2013,5.01
2/5/2013,5.01
2/6/2013,5.04
2/7/2013,5.08
2/8/2013,5.08
2/11/2013,5.06
2/12/2013,5.04
2/13/2013,4.97
2/14/2013,4.97
2/15/2013,4.96
2/18/2013,4.95
2/19/2013,4.92
2/20/2013,4.92
2/21/2013,4.99
2/22/2013,4.97
2/25/2013,4.97
2/26/2013,5.02
2/27/2013,4.98
2/28/2013,4.98
3/1/2013,5
3/4/2013,4.98
3/5/2013,4.92
3/6/2013,4.88
3/7/2013,4.81
3/8/2013,4.76
3/11/2013,4.75
3/12/2013,4.76
3/13/2013,4.75
3/14/2013,4.71
3/15/2013,4.72
3/18/2013,4.77
3/19/2013,4.78
3/20/2013,4.76
3/21/2013,4.76
3/22/2013,4.78
3/25/2013,4.75
3/26/2013,4.78
3/27/2013,4.81
3/28/2013,4.8
3/29/2013,
3/31/2013,4.86
4/1/2013,4.87
4/2/2013,4.84
4/3/2013,4.87
4/4/2013,4.89
4/5/2013,4.95
4/8/2013,4.9
4/9/2013,4.87
4/10/2013,4.78
4/11/2013,4.73
4/12/2013,4.75
4/15/2013,4.79
4/16/2013,4.78
4/17/2013,4.8
4/18/2013,4.8
4/19/2013,4.78
4/22/2013,4.75
4/23/2013,4.71
4/24/2013,4.66
4/25/2013,4.61
4/26/2013,4.6
4/29/2013,4.53
4/30/2013,4.55
5/1/2013,4.5
5/2/2013,4.45
5/3/2013,4.33
5/6/2013,4.3
5/7/2013,4.24
5/8/2013,4.24
5/9/2013,4.23
5/10/2013,4.23
5/13/2013,4.35
5/14/2013,4.35
5/15/2013,4.36
5/16/2013,4.42
5/17/2013,4.37
5/20/2013,4.34
5/21/2013,4.35
5/22/2013,4.27
5/23/2013,4.42
5/24/2013,4.45
5/27/2013,4.44
5/28/2013,4.35
5/29/2013,4.55
5/30/2013,4.54
5/31/2013,4.62
6/3/2013,4.76
6/4/2013,4.79
6/5/2013,5.03
6/6/2013,5.08
6/7/2013,4.89
6/10/2013,4.86
6/11/2013,5.08
6/12/2013,5.02
6/13/2013,5.11
6/14/2013,5.04
6/17/2013,4.97
6/18/2013,4.96
6/19/2013,4.85
6/20/2013,5.12
6/21/2013,5.09
6/24/2013,5.34
6/25/2013,5.34
6/26/2013,5.29
6/27/2013,5.23
6/28/2013,5.16
6/30/2013,5.21
7/1/2013,5.17
7/2/2013,5.15
7/3/2013,5.15
7/4/2013,5.15
7/5/2013,5.04
7/8/2013,5.11
7/9/2013,5.04
7/10/2013,4.98
7/11/2013,4.9
7/12/2013,4.8
7/15/2013,4.77
7/16/2013,4.72
7/17/2013,4.68
7/18/2013,4.57
7/19/2013,4.56
7/22/2013,4.53
7/23/2013,4.5
7/24/2013,4.55
7/25/2013,4.65
7/26/2013,4.71
7/29/2013,4.69
7/30/2013,4.66
7/31/2013,4.71
8/1/2013,4.63
8/2/2013,4.74
8/5/2013,4.74
8/6/2013,4.76
8/7/2013,4.81
8/8/2013,4.8
8/9/2013,4.8
8/12/2013,4.78
8/13/2013,4.72
8/14/2013,4.69
8/15/2013,4.74
8/16/2013,4.7
8/19/2013,4.71
8/20/2013,4.8
8/21/2013,4.77
8/22/2013,4.73
8/23/2013,4.75
8/26/2013,4.75
8/27/2013,4.82
8/28/2013,4.77
8/29/2013,4.76
8/30/2013,
9/2/2013,4.78
9/3/2013,4.69
9/4/2013,4.64
9/5/2013,4.59
9/6/2013,4.63
9/9/2013,4.66
9/10/2013,4.6
9/11/2013,4.63
9/12/2013,4.61
9/13/2013,4.6
9/16/2013,4.54
9/17/2013,4.59
9/18/2013,4.67
9/19/2013,4.51
9/20/2013,4.54
9/23/2013,4.6
9/24/2013,4.65
9/25/2013,4.7
9/26/2013,4.69
9/27/2013,4.75
9/30/2013,4.83
10/1/2013,4.78
10/2/2013,4.78
10/3/2013,4.75
10/4/2013,4.7
10/7/2013,4.69
10/8/2013,4.68
10/9/2013,4.67
10/10/2013,4.61
10/11/2013,4.62
10/14/2013,4.6
10/15/2013,4.54
10/16/2013,4.55
10/17/2013,4.53
10/18/2013,4.46
10/21/2013,4.41
10/22/2013,4.44
10/23/2013,4.44
10/24/2013,4.4
10/25/2013,4.42
10/28/2013,4.44
10/29/2013,4.45
10/30/2013,4.43
10/31/2013,4.36
11/1/2013,4.31
11/4/2013,4.33
11/5/2013,4.33
11/6/2013,4.35
11/7/2013,4.34
11/8/2013,4.38
11/11/2013,4.38
11/12/2013,4.35
11/13/2013,4.42
11/14/2013,4.41
11/15/2013,4.38
11/18/2013,4.35
11/19/2013,4.31
11/20/2013,4.29
11/21/2013,4.32
11/22/2013,4.3
11/25/2013,4.27
11/26/2013,4.27
11/27/2013,4.24
11/28/2013,4.24
11/29/2013,4.23
11/30/2013,4.27
12/2/2013,4.19
12/3/2013,4.22
12/4/2013,4.19
12/5/2013,4.16
12/6/2013,4.13
12/9/2013,4.11
12/10/2013,4.15
12/11/2013,4.11
12/12/2013,4.11
12/13/2013,4.12
12/16/2013,4.09
12/17/2013,4.15
12/18/2013,4.14
12/19/2013,4.07
12/20/2013,4.04
12/23/2013,4
12/24/2013,3.96
12/25/2013,
12/26/2013,3.96
12/27/2013,3.96
12/30/2013,3.97
12/31/2013,4
1/1/2014,
1/2/2014,4
1/3/2014,3.98
1/6/2014,3.96
1/7/2014,3.92
1/8/2014,3.87
1/9/2014,3.88
1/10/2014,3.95
1/13/2014,3.97
1/14/2014,3.92
1/15/2014,3.87
1/16/2014,3.88
1/17/2014,3.88
1/20/2014,3.88
1/21/2014,3.86
1/22/2014,3.82
1/23/2014,3.92
1/24/2014,4.08
1/27/2014,4.09
1/28/2014,4.08
1/29/2014,4.15
1/30/2014,4.12
1/31/2014,4.21
2/3/2014,4.28
2/4/2014,4.31
2/5/2014,4.28
2/6/2014,4.21
2/7/2014,4.2
2/10/2014,4.16
2/11/2014,4.08
2/12/2014,4.01
2/13/2014,4.07
2/14/2014,4.03
2/17/2014,4.03
2/18/2014,4.01
2/19/2014,3.95
2/20/2014,3.92
2/21/2014,3.9
2/24/2014,3.85
2/25/2014,3.84
2/26/2014,3.84
2/27/2014,3.83
2/28/2014,3.81
3/3/2014,3.87
3/4/2014,3.79
3/5/2014,3.78
3/6/2014,3.78
3/7/2014,3.79
3/10/2014,3.82
3/11/2014,3.82
3/12/2014,3.87
3/13/2014,3.92
3/14/2014,3.96
3/17/2014,3.9
3/18/2014,3.87
3/19/2014,3.74
3/20/2014,3.79
3/21/2014,3.76
3/24/2014,3.75
3/25/2014,3.73
3/26/2014,3.75
3/27/2014,3.77
3/28/2014,3.73
3/31/2014,3.77
4/1/2014,3.73
4/2/2014,3.66
4/3/2014,3.64
4/4/2014,3.68
4/7/2014,3.72
4/8/2014,3.73
4/9/2014,3.74
4/10/2014,3.77
4/11/2014,3.82
4/14/2014,3.76
4/15/2014,3.75
4/16/2014,3.73
4/17/2014,3.68
4/18/2014,
4/21/2014,3.67
4/22/2014,3.65
4/23/2014,3.68
4/24/2014,3.66
4/25/2014,3.69
4/28/2014,3.68
4/29/2014,3.66
4/30/2014,3.71
5/1/2014,3.75
5/2/2014,3.73
5/5/2014,3.74
5/6/2014,3.72
5/7/2014,3.74
5/8/2014,3.75
5/9/2014,3.74
5/12/2014,3.7
5/13/2014,3.7
5/14/2014,3.73
5/15/2014,3.78
5/16/2014,3.77
5/19/2014,3.76
5/20/2014,3.77
5/21/2014,3.77
5/22/2014,3.78
5/23/2014,3.78
5/26/2014,3.78
5/27/2014,3.76
5/28/2014,3.8
5/29/2014,3.78
5/30/2014,3.75
5/31/2014,3.67
6/2/2014,3.61
6/3/2014,3.59
6/4/2014,3.59
6/5/2014,3.59
6/6/2014,3.53
6/9/2014,3.5
6/10/2014,3.46
6/11/2014,3.46
6/12/2014,3.5
6/13/2014,3.47
6/16/2014,3.43
6/17/2014,3.39
6/18/2014,3.41
6/19/2014,3.39
6/20/2014,3.36
6/23/2014,3.35
6/24/2014,3.37
6/25/2014,3.43
6/26/2014,3.47
6/27/2014,3.48
6/30/2014,3.53
7/1/2014,3.5
7/2/2014,3.46
7/3/2014,3.44
7/4/2014,3.44
7/7/2014,3.44
7/8/2014,3.48
7/9/2014,3.51
7/10/2014,3.62
7/11/2014,3.61
7/14/2014,3.57
7/15/2014,3.6
7/16/2014,3.63
7/17/2014,3.74
7/18/2014,3.78
7/21/2014,3.8
7/22/2014,3.79
7/23/2014,3.77
7/24/2014,3.72
7/25/2014,3.75
7/28/2014,3.74
7/29/2014,3.8
7/30/2014,3.79
7/31/2014,4.04
8/1/2014,4.25
8/4/2014,4.24
8/5/2014,4.17
8/6/2014,4.21
8/7/2014,4.2
8/8/2014,4.2
8/11/2014,4.12
8/12/2014,4.07
8/13/2014,4.03
8/14/2014,3.97
8/15/2014,3.97
8/18/2014,3.89
8/19/2014,3.85
8/20/2014,3.79
8/21/2014,3.81
8/22/2014,3.79
8/25/2014,3.77
8/26/2014,3.78
8/27/2014,3.81
8/28/2014,3.82
8/29/2014,3.8
8/31/2014,3.84
9/1/2014,3.84
9/2/2014,3.8
9/3/2014,3.83
9/4/2014,3.85
9/5/2014,3.93
9/8/2014,3.92
9/9/2014,3.93
9/10/2014,4.01
9/11/2014,4.05
9/12/2014,4.03
9/15/2014,4.06
9/16/2014,4.1
9/17/2014,4.05
9/18/2014,3.98
9/19/2014,3.97
9/22/2014,4.02
9/23/2014,4.13
9/24/2014,4.18
9/25/2014,4.33
9/26/2014,4.4
9/29/2014,4.51
9/30/2014,4.4
10/1/2014,4.45
10/2/2014,4.42
10/3/2014,4.29
10/6/2014,4.26
10/7/2014,4.37
10/8/2014,4.48
10/9/2014,4.52
10/10/2014,4.66
10/13/2014,4.66
10/14/2014,4.83
10/15/2014,5.08
10/16/2014,4.98
10/17/2014,4.68
10/20/2014,4.68
10/21/2014,4.5
10/22/2014,4.44
10/23/2014,4.38
10/24/2014,4.38
10/27/2014,4.41
10/28/2014,4.39
10/29/2014,4.32
10/30/2014,4.35
10/31/2014,4.3
11/3/2014,4.29
11/4/2014,4.35
11/5/2014,4.32
11/6/2014,4.3
11/7/2014,4.36
11/10/2014,4.32
11/11/2014,4.32
11/12/2014,4.33
11/13/2014,4.37
11/14/2014,4.43
11/17/2014,4.46
11/18/2014,4.53
11/19/2014,4.57
11/20/2014,4.61
11/21/2014,4.54
11/24/2014,4.54
11/25/2014,4.54
11/26/2014,4.56
11/27/2014,4.56
11/28/2014,4.64
11/30/2014,4.67
12/1/2014,4.82
12/2/2014,4.82
12/3/2014,4.81
12/4/2014,4.83
12/5/2014,4.77
12/8/2014,4.87
12/9/2014,5.06
12/10/2014,5.21
12/11/2014,5.25
12/12/2014,5.47
12/15/2014,5.52
12/16/2014,5.71
12/17/2014,5.48
12/18/2014,5.15
12/19/2014,5.09
12/22/2014,5.03
12/23/2014,4.94
12/24/2014,4.93
12/25/2014,
12/26/2014,4.93
12/29/2014,4.96
12/30/2014,4.98
12/31/2014,5.04
1/1/2015,
1/2/2015,5.08
1/5/2015,5.21
1/6/2015,5.37
1/7/2015,5.31
1/8/2015,5.17
1/9/2015,5.2
1/12/2015,5.27
1/13/2015,5.28
1/14/2015,5.39
1/15/2015,5.42
1/16/2015,
1/19/2015,5.39
1/20/2015,5.39
1/21/2015,5.36
1/22/2015,5.27
1/23/2015,5.3
1/26/2015,5.26
1/27/2015,5.29
1/28/2015,5.31
1/29/2015,5.28
1/30/2015,5.37
1/31/2015,5.26
2/2/2015,5.26
2/3/2015,5.11
2/4/2015,5.05
2/5/2015,4.99
2/6/2015,4.78
2/9/2015,4.8
2/10/2015,4.75
2/11/2015,4.76
2/12/2015,4.74
2/13/2015,4.71
2/16/2015,4.69
2/17/2015,4.57
2/18/2015,4.62
2/19/2015,4.58
2/20/2015,4.53
2/23/2015,4.56
2/24/2015,4.58
2/25/2015,4.54
2/26/2015,4.43
2/27/2015,4.43
2/28/2015,4.46
3/2/2015,4.38
3/3/2015,4.38
3/4/2015,4.44
3/5/2015,4.46
3/6/2015,4.42
3/9/2015,4.51
3/10/2015,4.66
3/11/2015,4.61
3/12/2015,4.62
3/13/2015,4.68
3/16/2015,4.72
3/17/2015,4.79
3/18/2015,4.91
3/19/2015,4.79
3/20/2015,4.81
3/23/2015,4.82
3/24/2015,4.81
3/25/2015,4.76
3/26/2015,4.74
3/27/2015,4.76
3/30/2015,4.73
3/31/2015,4.82
4/1/2015,4.86
4/2/2015,4.82
4/3/2015,
4/6/2015,4.8
4/7/2015,4.72
4/8/2015,4.67
4/9/2015,4.62
4/10/2015,4.6
4/13/2015,4.6
4/14/2015,4.62
4/15/2015,4.58
4/16/2015,4.61
4/17/2015,4.66
4/20/2015,4.6
4/21/2015,4.57
4/22/2015,4.53
4/23/2015,4.55
4/24/2015,4.56
4/27/2015,4.55
4/28/2015,4.52
4/29/2015,4.53
4/30/2015,4.59
5/1/2015,4.53
5/4/2015,4.51
5/5/2015,4.48
5/6/2015,4.5
5/7/2015,4.55
5/8/2015,4.53
5/11/2015,4.45
5/12/2015,4.56
5/13/2015,4.51
5/14/2015,4.52
5/15/2015,4.55
5/18/2015,4.49
5/19/2015,4.46
5/20/2015,4.49
5/21/2015,4.51
5/22/2015,4.47
5/25/2015,
5/26/2015,4.51
5/27/2015,4.48
5/28/2015,4.5
5/29/2015,4.52
5/31/2015,4.58
6/1/2015,4.52
6/2/2015,4.49
6/3/2015,4.46
6/4/2015,4.56
6/5/2015,4.56
6/8/2015,4.61
6/9/2015,4.66
6/10/2015,4.6
6/11/2015,4.62
6/12/2015,4.63
6/15/2015,4.71
6/16/2015,4.77
6/17/2015,4.76
6/18/2015,4.71
6/19/2015,4.73
6/22/2015,4.62
6/23/2015,4.62
6/24/2015,4.66
6/25/2015,4.67
6/26/2015,4.65
6/29/2015,4.91
6/30/2015,5
7/1/2015,4.88
7/2/2015,4.91
7/3/2015,4.91
7/6/2015,5.07
7/7/2015,5.13
7/8/2015,5.21
7/9/2015,5.11
7/10/2015,4.97
7/13/2015,4.93
7/14/2015,4.94
7/15/2015,4.93
7/16/2015,4.91
7/17/2015,4.95
7/20/2015,4.96
7/21/2015,5.06
7/22/2015,5.16
7/23/2015,5.21
7/24/2015,5.32
7/27/2015,5.49
7/28/2015,5.44
7/29/2015,5.33
7/30/2015,5.26
7/31/2015,5.36
8/3/2015,5.45
8/4/2015,5.41
8/5/2015,5.29
8/6/2015,5.4
8/7/2015,5.52
8/10/2015,5.51
8/11/2015,5.67
8/12/2015,5.79
8/13/2015,5.66
8/14/2015,5.52
8/17/2015,5.58
8/18/2015,5.56
8/19/2015,5.68
8/20/2015,5.75
8/21/2015,5.86
8/24/2015,6.14
8/25/2015,5.9
8/26/2015,5.91
8/27/2015,5.8
8/28/2015,5.72
8/31/2015,5.7
9/1/2015,5.78
9/2/2015,5.73
9/3/2015,5.7
9/4/2015,5.74
9/7/2015,5.74
9/8/2015,5.64
9/9/2015,5.59
9/10/2015,5.58
9/11/2015,5.62
9/14/2015,5.62
9/15/2015,5.54
9/16/2015,5.59
9/17/2015,5.71
9/18/2015,5.8
9/21/2015,5.77
9/22/2015,5.98
9/23/2015,5.98
9/24/2015,6.14
9/25/2015,6.15
9/28/2015,6.48
9/29/2015,6.6
9/30/2015,6.62
10/1/2015,6.67
10/2/2015,6.83
10/5/2015,6.62
10/6/2015,6.52
10/7/2015,6.32
10/8/2015,6.26
10/9/2015,6.13
10/12/2015,6.13
10/13/2015,6.24
10/14/2015,6.31
10/15/2015,6.26
10/16/2015,6.18
10/19/2015,6.16
10/20/2015,6.06
10/21/2015,6.07
10/22/2015,6.1
10/23/2015,5.97
10/26/2015,6
10/27/2015,6.07
10/28/2015,5.97
10/29/2015,5.89
10/30/2015,5.88
10/31/2015,5.9
11/2/2015,5.84
11/3/2015,5.77
11/4/2015,5.73
11/5/2015,5.8
11/6/2015,5.82
11/9/2015,5.94
11/10/2015,6.02
11/11/2015,6.02
11/12/2015,6.13
11/13/2015,6.24
11/16/2015,6.28
11/17/2015,6.19
11/18/2015,6.2
11/19/2015,6.28
11/20/2015,6.32
11/23/2015,6.35
11/24/2015,6.41
11/25/2015,6.37
11/26/2015,6.37
11/27/2015,6.38
11/30/2015,6.4
12/1/2015,6.4
12/2/2015,6.34
12/3/2015,6.32
12/4/2015,6.37
12/7/2015,6.51
12/8/2015,6.65
12/9/2015,6.72
12/10/2015,6.71
12/11/2015,7.1
12/14/2015,7.33
12/15/2015,7.09
12/16/2015,6.98
12/17/2015,7.01
12/18/2015,7.2
12/21/2015,7.25
12/22/2015,7.15
12/23/2015,7.05
12/24/2015,7.05
12/25/2015,
12/28/2015,7.07
12/29/2015,6.96
12/30/2015,6.95
12/31/2015,6.95
1/1/2016,
1/4/2016,7.1
1/5/2016,7.03
1/6/2016,7.11
1/7/2016,7.24
1/8/2016,7.23
1/11/2016,7.31
1/12/2016,7.38
1/13/2016,7.5
1/14/2016,7.57
1/15/2016,7.89
1/18/2016,7.9
1/19/2016,7.88
1/20/2016,8.27
1/21/2016,8.13
1/22/2016,7.87
1/25/2016,7.85
1/26/2016,7.83
1/27/2016,7.78
1/28/2016,7.75
1/29/2016,7.74
1/31/2016,7.77
2/1/2016,7.79
2/2/2016,7.98
2/3/2016,8.03
2/4/2016,8.03
2/5/2016,8.1
2/8/2016,8.51
2/9/2016,8.62
2/10/2016,8.53
2/11/2016,8.87
2/12/2016,8.64
2/15/2016,8.59
2/16/2016,8.45
2/17/2016,8.21
2/18/2016,8.17
2/19/2016,8.23
2/22/2016,8.09
2/23/2016,8.1
2/24/2016,8.17
2/25/2016,8.08
2/26/2016,7.8
2/29/2016,7.75
3/1/2016,7.46
3/2/2016,7.31
3/3/2016,7.28
3/4/2016,7.08
3/7/2016,7.03
3/8/2016,7.14
3/9/2016,7.15
3/10/2016,7.04
3/11/2016,6.82
3/14/2016,6.74
3/15/2016,6.84
3/16/2016,6.94
3/17/2016,6.82
3/18/2016,6.71
3/21/2016,6.65
3/22/2016,6.69
3/23/2016,6.79
3/24/2016,6.93
3/25/2016,
3/28/2016,6.99
3/29/2016,7.14
3/30/2016,7.03
3/31/2016,7.05
4/1/2016,7.05
4/4/2016,7.03
4/5/2016,7.13
4/6/2016,7.04
4/7/2016,7.11
4/8/2016,7.03
4/11/2016,7
4/12/2016,6.87
4/13/2016,6.71
4/14/2016,6.6
4/15/2016,6.62
4/18/2016,6.62
4/19/2016,6.46
4/20/2016,6.31
4/21/2016,6.29
4/22/2016,6.29
4/25/2016,6.32
4/26/2016,6.26
4/27/2016,6.25
4/28/2016,6.19
4/29/2016,6.24
4/30/2016,6.21
5/2/2016,6.16
5/3/2016,6.31
5/4/2016,6.39
5/5/2016,6.42
5/6/2016,6.48
5/9/2016,6.53
5/10/2016,6.46
5/11/2016,6.4
5/12/2016,6.36
5/13/2016,6.41
5/16/2016,6.3
5/17/2016,6.26
5/18/2016,6.16
5/19/2016,6.29
5/20/2016,6.22
5/23/2016,6.21
5/24/2016,6.13
5/25/2016,6.04
5/26/2016,6.08
5/27/2016,6.08
5/30/2016,6.08
5/31/2016,5.97
6/1/2016,6.01
6/2/2016,6
6/3/2016,6.09
6/6/2016,6
6/7/2016,5.92
6/8/2016,5.82
6/9/2016,5.86
6/10/2016,5.98
6/13/2016,6.07
6/14/2016,6.19
6/15/2016,6.18
6/16/2016,6.32
6/17/2016,6.21
6/20/2016,6
6/21/2016,6
6/22/2016,5.96
6/23/2016,5.83
6/24/2016,6.33
6/27/2016,6.57
6/28/2016,6.48
6/29/2016,6.26
6/30/2016,6.21
7/1/2016,6.12
7/4/2016,6.12
7/5/2016,6.16
7/6/2016,6.14
7/7/2016,6.02
7/8/2016,5.88
7/11/2016,5.66
7/12/2016,5.46
7/13/2016,5.58
7/14/2016,5.44
7/15/2016,5.42
7/18/2016,5.44
7/19/2016,5.45
7/20/2016,5.4
7/21/2016,5.41
7/22/2016,5.39
7/25/2016,5.39
7/26/2016,5.45
7/27/2016,5.51
7/28/2016,5.54
7/29/2016,5.61
7/31/2016,5.69
8/1/2016,5.69
8/2/2016,5.73
8/3/2016,5.72
8/4/2016,5.65
8/5/2016,5.46
8/8/2016,5.42
8/9/2016,5.36
8/10/2016,5.38
8/11/2016,5.31
8/12/2016,5.34
8/15/2016,5.23
8/16/2016,5.17
8/17/2016,5.19
8/18/2016,5.2
8/19/2016,5.15
8/22/2016,5.18
8/23/2016,5.14
8/24/2016,5.13
8/25/2016,5.14
8/26/2016,5.04
8/29/2016,5.1
8/30/2016,5.07
8/31/2016,5.1
9/1/2016,5.12
9/2/2016,5.09
9/5/2016,5.09
9/6/2016,5.09
9/7/2016,5.07
9/8/2016,4.99
9/9/2016,5.1
9/12/2016,5.18
9/13/2016,5.24
9/14/2016,5.26
9/15/2016,5.26
9/16/2016,5.27
9/19/2016,5.25
9/20/2016,5.24
9/21/2016,5.22
9/22/2016,5.09
9/23/2016,5.1
9/26/2016,5.16
9/27/2016,5.18
9/28/2016,5.14
9/29/2016,5.09
9/30/2016,4.97
10/3/2016,4.93
10/4/2016,4.85
10/5/2016,4.78
10/6/2016,4.75
10/7/2016,4.76
10/10/2016,4.76
10/11/2016,4.75
10/12/2016,4.75
10/13/2016,4.82
10/14/2016,4.72
10/17/2016,4.76
10/18/2016,4.72
10/19/2016,4.66
10/20/2016,4.62
10/21/2016,4.62
10/24/2016,4.6
10/25/2016,4.6
10/26/2016,4.66
10/27/2016,4.69
10/28/2016,4.76
10/31/2016,4.91
11/1/2016,5.05
11/2/2016,5.15
11/3/2016,5.15
11/4/2016,5.2
11/7/2016,5.01
11/8/2016,4.98
11/9/2016,4.94
11/10/2016,4.97
11/11/2016,4.97
11/14/2016,5.11
11/15/2016,4.94
11/16/2016,4.94
11/17/2016,4.85
11/18/2016,4.84
11/21/2016,4.78
11/22/2016,4.7
11/23/2016,4.66
11/24/2016,4.66
11/25/2016,4.64
11/28/2016,4.66
11/29/2016,4.69
11/30/2016,4.67
12/1/2016,4.62
12/2/2016,4.64
12/5/2016,4.58
12/6/2016,4.5
12/7/2016,4.42
12/8/2016,4.38
12/9/2016,4.28
12/12/2016,4.25
12/13/2016,4.2
12/14/2016,4.12
12/15/2016,4.2
12/16/2016,4.21
12/19/2016,4.23
12/20/2016,4.2
12/21/2016,4.19
12/22/2016,4.17
12/23/2016,4.16
12/26/2016,
12/27/2016,4.11
12/28/2016,4.15
12/29/2016,4.18
12/30/2016,4.21
12/31/2016,4.22
1/2/2017,
1/3/2017,4.13
1/4/2017,4.02
1/5/2017,4.04
1/6/2017,3.98
1/9/2017,4.02
1/10/2017,4
1/11/2017,4.03
1/12/2017,4.05
1/13/2017,4.02
1/16/2017,4
1/17/2017,4.06
1/18/2017,4.01
1/19/2017,3.99
1/20/2017,4.02
1/23/2017,4.1
1/24/2017,4.02
1/25/2017,3.93
1/26/2017,3.93
1/27/2017,3.93
1/30/2017,3.96
1/31/2017,4
2/1/2017,3.95
2/2/2017,3.93
2/3/2017,3.86
2/6/2017,3.91
2/7/2017,3.93
2/8/2017,3.98
2/9/2017,3.93
2/10/2017,3.9
2/13/2017,3.86
2/14/2017,3.8
2/15/2017,3.77
2/16/2017,3.83
2/17/2017,3.86
2/20/2017,3.86
2/21/2017,3.81
2/22/2017,3.78
2/23/2017,3.77
2/24/2017,3.84
2/27/2017,3.75
2/28/2017,3.74
3/1/2017,3.57
3/2/2017,3.55
3/3/2017,3.6
3/6/2017,3.66
3/7/2017,3.73
3/8/2017,3.79
3/9/2017,3.88
3/10/2017,3.89
3/13/2017,3.94
3/14/2017,4.05
3/15/2017,4.02
3/16/2017,3.88
3/17/2017,3.91
3/20/2017,3.97
3/21/2017,4.04
3/22/2017,4.16
3/23/2017,4.11
3/24/2017,4.07
3/27/2017,4.12
3/28/2017,4.01
3/29/2017,3.94
3/30/2017,3.85
3/31/2017,3.92
4/3/2017,3.98
4/4/2017,3.98
4/5/2017,3.91
4/6/2017,3.93
4/7/2017,3.86
4/10/2017,3.86
4/11/2017,3.94
4/12/2017,3.96
4/13/2017,4.03
4/14/2017,
4/17/2017,4
4/18/2017,4.07
4/19/2017,4.01
4/20/2017,3.98
4/21/2017,3.97
4/24/2017,3.86
4/25/2017,3.78
4/26/2017,3.76
4/27/2017,3.78
4/28/2017,3.75
4/30/2017,3.81
5/1/2017,3.78
5/2/2017,3.79
5/3/2017,3.76
5/4/2017,3.8
5/5/2017,3.82
5/8/2017,3.8
5/9/2017,3.74
5/10/2017,3.72
5/11/2017,3.72
5/12/2017,3.77
5/15/2017,3.72
5/16/2017,3.71
5/17/2017,3.84
5/18/2017,3.85
5/19/2017,3.78
5/22/2017,3.72
5/23/2017,3.67
5/24/2017,3.68
5/25/2017,3.67
5/26/2017,3.67
5/29/2017,3.67
5/30/2017,3.68
5/31/2017,3.74
6/1/2017,3.69
6/2/2017,3.69
6/5/2017,3.68
6/6/2017,3.72
6/7/2017,3.73
6/8/2017,3.76
6/9/2017,3.73
6/12/2017,3.71
6/13/2017,3.68
6/14/2017,3.7
6/15/2017,3.72
6/16/2017,3.76
6/19/2017,3.7
6/20/2017,3.77
6/21/2017,3.85
6/22/2017,3.87
6/23/2017,3.86
6/26/2017,3.83
6/27/2017,3.77
6/28/2017,3.77
6/29/2017,3.76
6/30/2017,3.77
7/3/2017,3.72
7/4/2017,3.72
7/5/2017,3.73
7/6/2017,3.78
7/7/2017,3.83
7/10/2017,3.83
7/11/2017,3.85
7/12/2017,3.81
7/13/2017,3.77
7/14/2017,3.73
7/17/2017,3.69
7/18/2017,3.69
7/19/2017,3.64
7/20/2017,3.61
7/21/2017,3.64
7/24/2017,3.63
7/25/2017,3.55
7/26/2017,3.56
7/27/2017,3.55
7/28/2017,3.59
7/31/2017,3.61
8/1/2017,3.6
8/2/2017,3.59
8/3/2017,3.63
8/4/2017,3.63
8/7/2017,3.64
8/8/2017,3.64
8/9/2017,3.81
8/10/2017,3.92
8/11/2017,4
8/14/2017,3.89
8/15/2017,3.87
8/16/2017,3.88
8/17/2017,3.93
8/18/2017,3.98
8/21/2017,4
8/22/2017,3.93
8/23/2017,3.95
8/24/2017,3.91
8/25/2017,3.89
8/28/2017,3.88
8/29/2017,3.9
8/30/2017,3.86
8/31/2017,3.85
9/1/2017,3.82
9/4/2017,3.82
9/5/2017,3.91
9/6/2017,3.84
9/7/2017,3.88
9/8/2017,3.92
9/11/2017,3.85
9/12/2017,3.81
9/13/2017,3.78
9/14/2017,3.74
9/15/2017,3.73
9/18/2017,3.68
9/19/2017,3.66
9/20/2017,3.6
9/21/2017,3.62
9/22/2017,3.64
9/25/2017,3.66
9/26/2017,3.62
9/27/2017,3.57
9/28/2017,3.57
9/29/2017,3.54
9/30/2017,3.56
10/2/2017,3.55
10/3/2017,3.55
10/4/2017,3.54
10/5/2017,3.52
10/6/2017,3.52
10/9/2017,3.51
10/10/2017,3.52
10/11/2017,3.52
10/12/2017,3.56
10/13/2017,3.6
10/16/2017,3.53
10/17/2017,3.5
10/18/2017,3.46
10/19/2017,3.48
10/20/2017,3.42
10/23/2017,3.4
10/24/2017,3.38
10/25/2017,3.42
10/26/2017,3.41
10/27/2017,3.44
10/30/2017,3.49
10/31/2017,3.51
11/1/2017,3.48
11/2/2017,3.52
11/3/2017,3.52
11/6/2017,3.55
11/7/2017,3.57
11/8/2017,3.67
11/9/2017,3.79
11/10/2017,3.76
11/13/2017,3.77
11/14/2017,3.84
11/15/2017,3.97
11/16/2017,3.79
11/17/2017,3.76
11/20/2017,3.7
11/21/2017,3.66
11/22/2017,3.7
11/23/2017,3.7
11/24/2017,3.67
11/27/2017,3.66
11/28/2017,3.67
11/29/2017,3.64
11/30/2017,3.61
12/1/2017,3.63
12/4/2017,3.58
12/5/2017,3.57
12/6/2017,3.63
12/7/2017,3.63
12/8/2017,3.63
12/11/2017,3.61
12/12/2017,3.58
12/13/2017,3.64
12/14/2017,3.63
12/15/2017,3.64
12/18/2017,3.64
12/19/2017,3.6
12/20/2017,3.58
12/21/2017,3.57
12/22/2017,3.56
12/25/2017,
12/26/2017,3.57
12/27/2017,3.59
12/28/2017,3.55
12/29/2017,3.58
12/31/2017,3.63
1/1/2018,
1/2/2018,3.55
1/3/2018,3.48
1/4/2018,3.4
1/5/2018,3.36
1/8/2018,3.35
1/9/2018,3.33
1/10/2018,3.42
1/11/2018,3.4
1/12/2018,3.37
1/15/2018,3.35
1/16/2018,3.34
1/17/2018,3.34
1/18/2018,3.35
1/19/2018,3.35
1/22/2018,3.32
1/23/2018,3.31
1/24/2018,3.28
1/25/2018,3.28
1/26/2018,3.23
1/29/2018,3.26
1/30/2018,3.33
1/31/2018,3.29
2/1/2018,3.29
2/2/2018,3.36
2/5/2018,3.48
2/6/2018,3.6
2/7/2018,3.46
2/8/2018,3.59
2/9/2018,3.82
2/12/2018,3.71
2/13/2018,3.78
2/14/2018,3.69
2/15/2018,3.57
2/16/2018,3.5
2/19/2018,3.5
2/20/2018,3.48
2/21/2018,3.46
2/22/2018,3.53
2/23/2018,3.58
2/26/2018,3.5
2/27/2018,3.47
2/28/2018,3.47
3/1/2018,3.59
3/2/2018,3.65
3/5/2018,3.59
3/6/2018,3.53
3/7/2018,3.56
3/8/2018,3.56
3/9/2018,3.53
3/12/2018,3.55
3/13/2018,3.58
3/14/2018,3.62
3/15/2018,3.62
3/16/2018,3.6
3/19/2018,3.65
3/20/2018,3.62
3/21/2018,3.6
3/22/2018,3.7
3/23/2018,3.74
3/26/2018,3.73
3/27/2018,3.75
3/28/2018,3.77
3/29/2018,3.79
3/30/2018,
3/31/2018,3.72
4/2/2018,3.77
4/3/2018,3.71
4/4/2018,3.71
4/5/2018,3.59
4/6/2018,3.64
4/9/2018,3.61
4/10/2018,3.52
4/11/2018,3.5
4/12/2018,3.42
4/13/2018,3.38
4/16/2018,3.33
4/17/2018,3.29
4/18/2018,3.24
4/19/2018,3.33
4/20/2018,3.33
4/23/2018,3.36
4/24/2018,3.41
4/25/2018,3.47
4/26/2018,3.43
4/27/2018,3.44
4/30/2018,3.46
5/1/2018,3.47
5/2/2018,3.45
5/3/2018,3.5
5/4/2018,3.49
5/7/2018,3.46
5/8/2018,3.46
5/9/2018,3.43
5/10/2018,3.41
5/11/2018,3.4
5/14/2018,3.37
5/15/2018,3.36
5/16/2018,3.37
5/17/2018,3.36
5/18/2018,3.41
5/21/2018,3.4
5/22/2018,3.39
5/23/2018,3.48
5/24/2018,3.49
5/25/2018,3.53
5/28/2018,3.53
5/29/2018,3.75
5/30/2018,3.64
5/31/2018,3.63
6/1/2018,3.55
6/4/2018,3.49
6/5/2018,3.5
6/6/2018,3.44
6/7/2018,3.44
6/8/2018,3.45
6/11/2018,3.39
6/12/2018,3.38
6/13/2018,3.33
6/14/2018,3.31
6/15/2018,3.33
6/18/2018,3.34
6/19/2018,3.4
6/20/2018,3.34
6/21/2018,3.39
6/22/2018,3.39
6/25/2018,3.47
6/26/2018,3.48
6/27/2018,3.56
6/28/2018,3.64
6/29/2018,3.61
6/30/2018,3.71
7/2/2018,3.78
7/3/2018,3.77
7/4/2018,3.77
7/5/2018,3.74
7/6/2018,3.74
7/9/2018,3.65
7/10/2018,3.59
7/11/2018,3.66
7/12/2018,3.61
7/13/2018,3.62
7/16/2018,3.59
7/17/2018,3.58
7/18/2018,3.56
7/19/2018,3.59
7/20/2018,3.55
7/23/2018,3.5
7/24/2018,3.47
7/25/2018,3.48
7/26/2018,3.42
7/27/2018,3.42
7/30/2018,3.43
7/31/2018,3.46
8/1/2018,3.43
8/2/2018,3.43
8/3/2018,3.43
8/6/2018,3.43
8/7/2018,3.35
8/8/2018,3.37
8/9/2018,3.38
8/10/2018,3.5
8/13/2018,3.52
8/14/2018,3.48
8/15/2018,3.55
8/16/2018,3.49
8/17/2018,3.49
8/20/2018,3.52
8/21/2018,3.48
8/22/2018,3.48
8/23/2018,3.47
8/24/2018,3.46
8/27/2018,3.43
8/28/2018,3.4
8/29/2018,3.39
8/30/2018,3.44
8/31/2018,3.49
9/3/2018,3.49
9/4/2018,3.46
9/5/2018,3.49
9/6/2018,3.52
9/7/2018,3.48
9/10/2018,3.46
9/11/2018,3.4
9/12/2018,3.38
9/13/2018,3.35
9/14/2018,3.29
9/17/2018,3.29
9/18/2018,3.24
9/19/2018,3.24
9/20/2018,3.25
9/21/2018,3.25
9/24/2018,3.28
9/25/2018,3.26
9/26/2018,3.27
9/27/2018,3.25
9/28/2018,3.24
9/30/2018,3.28
10/1/2018,3.22
10/2/2018,3.22
10/3/2018,3.16
10/4/2018,3.29
10/5/2018,3.32
10/8/2018,3.32
10/9/2018,3.41
10/10/2018,3.51
10/11/2018,3.58
10/12/2018,3.54
10/15/2018,3.49
10/16/2018,3.45
10/17/2018,3.45
10/18/2018,3.51
10/19/2018,3.51
10/22/2018,3.52
10/23/2018,3.65
10/24/2018,3.68
10/25/2018,3.72
10/26/2018,3.85
10/29/2018,3.84
10/30/2018,3.89
10/31/2018,3.81
11/1/2018,3.81
11/2/2018,3.72
11/5/2018,3.72
11/6/2018,3.68
11/7/2018,3.6
11/8/2018,3.57
11/9/2018,3.71
11/12/2018,3.71
11/13/2018,3.89
11/14/2018,3.99
11/15/2018,4.11
11/16/2018,4.18
11/19/2018,4.25
11/20/2018,4.33
11/21/2018,4.24
11/22/2018,4.25
11/23/2018,4.29
11/26/2018,4.26
11/27/2018,4.31
11/28/2018,4.25
11/29/2018,4.22
11/30/2018,4.29
12/3/2018,4.2
12/4/2018,4.29
12/5/2018,4.29
12/6/2018,4.5
12/7/2018,4.5
12/10/2018,4.56
12/11/2018,4.48
12/12/2018,4.4
12/13/2018,4.39
12/14/2018,4.46
12/17/2018,4.58
12/18/2018,4.72
12/19/2018,4.84
12/20/2018,5.11
12/21/2018,5.22
12/24/2018,5.35
12/25/2018,
12/26/2018,5.37
12/27/2018,5.38
12/28/2018,5.3
12/31/2018,5.33
1/1/2019,
1/2/2019,5.35
1/3/2019,5.44
1/4/2019,5.05
1/7/2019,4.83
1/8/2019,4.65
1/9/2019,4.52
1/10/2019,4.54
1/11/2019,4.55
1/14/2019,4.6
1/15/2019,4.55
1/16/2019,4.44
1/17/2019,4.4
1/18/2019,4.27
1/21/2019,4.27
1/22/2019,4.41
1/23/2019,4.39
1/24/2019,4.45
1/25/2019,4.34
1/28/2019,4.41
1/29/2019,4.4
1/30/2019,4.36
1/31/2019,4.37
2/1/2019,4.29
2/4/2019,4.25
2/5/2019,4.15
2/6/2019,4.13
2/7/2019,4.29
2/8/2019,4.32
2/11/2019,4.28
2/12/2019,4.17
2/13/2019,4.12
2/14/2019,4.17
2/15/2019,4.12
2/18/2019,4.12
2/19/2019,4.11
2/20/2019,4.08
2/21/2019,4.04
2/22/2019,4.05
2/25/2019,4
2/26/2019,4.01
2/27/2019,3.94
2/28/2019,3.92
3/1/2019,3.86
3/4/2019,3.9
3/5/2019,3.91
3/6/2019,3.98
3/7/2019,4.1
3/8/2019,4.18
3/11/2019,4.12
3/12/2019,4.08
3/13/2019,3.99
3/14/2019,3.95
3/15/2019,3.95
3/18/2019,3.95
3/19/2019,3.91
3/20/2019,3.97
3/21/2019,3.92
3/22/2019,4.03
3/25/2019,4.13
3/26/2019,4.09
3/27/2019,4.09
3/28/2019,4.08
3/29/2019,3.99
3/31/2019,4.05
4/1/2019,3.94
4/2/2019,3.95
4/3/2019,3.9
4/4/2019,3.9
4/5/2019,3.86
4/8/2019,3.84
4/9/2019,3.86
4/10/2019,3.86
4/11/2019,3.79
4/12/2019,3.68
4/15/2019,3.68
4/16/2019,3.64
4/17/2019,3.67
4/18/2019,3.73
4/19/2019,
4/22/2019,3.73
4/23/2019,3.72
4/24/2019,3.73
4/25/2019,3.75
4/26/2019,3.76
4/29/2019,3.73
4/30/2019,3.73
5/1/2019,3.71
5/2/2019,3.74
5/3/2019,3.72
5/6/2019,3.82
5/7/2019,3.89
5/8/2019,3.87
5/9/2019,3.99
5/10/2019,4.01
5/13/2019,4.2
5/14/2019,4.13
5/15/2019,4.17
5/16/2019,4.06
5/17/2019,4.07
5/20/2019,4.06
5/21/2019,3.99
5/22/2019,4.03
5/23/2019,4.22
5/24/2019,4.16
5/27/2019,4.16
5/28/2019,4.19
5/29/2019,4.36
5/30/2019,4.33
5/31/2019,4.59
6/3/2019,4.7
6/4/2019,4.53
6/5/2019,4.48
6/6/2019,4.42
6/7/2019,4.37
6/10/2019,4.23
6/11/2019,4.2
6/12/2019,4.22
6/13/2019,4.24
6/14/2019,4.23
6/17/2019,4.23
6/18/2019,4.14
6/19/2019,4.16
6/20/2019,4.03
6/21/2019,3.95
6/24/2019,4
6/25/2019,4.09
6/26/2019,4.05
6/27/2019,4.09
6/28/2019,4.07
6/30/2019,4.07
7/1/2019,3.99
7/2/2019,4.04
7/3/2019,4.02
7/4/2019,4.02
7/5/2019,3.98
7/8/2019,4
7/9/2019,4.03
7/10/2019,4.01
7/11/2019,4
7/12/2019,4.02
7/15/2019,4
7/16/2019,3.96
7/17/2019,4.01
7/18/2019,4.11
7/19/2019,4.07
7/22/2019,4.06
7/23/2019,3.99
7/24/2019,3.98
7/25/2019,3.93
7/26/2019,3.89
7/29/2019,3.93
7/30/2019,3.97
7/31/2019,3.93
8/1/2019,4.1
8/2/2019,4.19
8/5/2019,4.53
8/6/2019,4.46
8/7/2019,4.52
8/8/2019,4.31
8/9/2019,4.31
8/12/2019,4.4
8/13/2019,4.25
8/14/2019,4.49
8/15/2019,4.52
8/16/2019,4.47
8/19/2019,4.36
8/20/2019,4.35
8/21/2019,4.21
8/22/2019,4.16
8/23/2019,4.25
8/26/2019,4.22
8/27/2019,4.19
8/28/2019,4.17
8/29/2019,4.08
8/30/2019,4.09
8/31/2019,4.13
9/2/2019,4.13
9/3/2019,4.23
9/4/2019,4.23
9/5/2019,4.07
9/6/2019,4.05
9/9/2019,3.99
9/10/2019,3.9
9/11/2019,3.92
9/12/2019,3.85
9/13/2019,3.83
9/16/2019,3.8
9/17/2019,3.81
9/18/2019,3.82
9/19/2019,3.77
9/20/2019,3.81
9/23/2019,3.84
9/24/2019,3.9
9/25/2019,3.91
9/26/2019,3.95
9/27/2019,3.99
9/30/2019,4.02
10/1/2019,4.08
10/2/2019,4.28
10/3/2019,4.4
10/4/2019,4.38
10/7/2019,4.31
10/8/2019,4.39
10/9/2019,4.32
10/10/2019,4.26
10/11/2019,4.1
10/14/2019,4.08
10/15/2019,4.01
10/16/2019,4.01
10/17/2019,4
10/18/2019,4.02
10/21/2019,3.98
10/22/2019,3.99
10/23/2019,3.98
10/24/2019,3.96
10/25/2019,3.89
10/28/2019,3.85
10/29/2019,3.86
10/30/2019,3.96
10/31/2019,4.15
11/1/2019,4.09
11/4/2019,3.99
11/5/2019,3.97
11/6/2019,4.02
11/7/2019,3.96
11/8/2019,4
11/11/2019,3.99
11/12/2019,4
11/13/2019,4.05
11/14/2019,4.08
11/15/2019,4.06
11/18/2019,4.09
11/19/2019,4.12
11/20/2019,4.18
11/21/2019,4.17
11/22/2019,4.13
11/25/2019,4.08
11/26/2019,4.05
11/27/2019,3.99
11/28/2019,
11/29/2019,4.01
11/30/2019,4.02
12/2/2019,4.03
12/3/2019,4.14
12/4/2019,4.02
12/5/2019,4
12/6/2019,3.89
12/9/2019,3.88
12/10/2019,3.84
12/11/2019,3.83
12/12/2019,3.7
12/13/2019,3.71
12/16/2019,3.62
12/17/2019,3.58
12/18/2019,3.51
12/19/2019,3.54
12/20/2019,3.53
12/23/2019,3.52
12/24/2019,3.53
12/25/2019,
12/26/2019,3.53
12/27/2019,3.56
12/30/2019,3.6
12/31/2019,3.6
1/1/2020,
1/2/2020,3.56
1/3/2020,3.61
1/6/2020,3.57
1/7/2020,3.54
1/8/2020,3.5
1/9/2020,3.49
1/10/2020,3.48
1/13/2020,3.48
1/14/2020,3.45
1/15/2020,3.44
1/16/2020,3.42
1/17/2020,3.39
1/20/2020,3.38
1/21/2020,3.47
1/22/2020,3.49
1/23/2020,3.58
1/24/2020,3.68
1/27/2020,4.03
1/28/2020,3.86
1/29/2020,3.83
1/30/2020,3.95
1/31/2020,4.03
2/3/2020,3.97
2/4/2020,3.85
2/5/2020,3.75
2/6/2020,3.7
2/7/2020,3.75
2/10/2020,3.75
2/11/2020,3.65
2/12/2020,3.59
2/13/2020,3.57
2/14/2020,3.56
2/17/2020,3.56
2/18/2020,3.61
2/19/2020,3.57
2/20/2020,3.62
2/21/2020,3.66
2/24/2020,4.03
2/25/2020,4.18
2/26/2020,4.27
2/27/2020,4.62
2/28/2020,5.04
2/29/2020,5.06
3/2/2020,4.97
3/3/2020,4.84
3/4/2020,4.75
3/5/2020,5.05
3/6/2020,5.64
3/9/2020,6.68
3/10/2020,6.38
3/11/2020,6.61
3/12/2020,7.42
3/13/2020,7.31
3/16/2020,8.38
3/17/2020,8.41
3/18/2020,9.04
3/19/2020,9.82
3/20/2020,10.09
3/23/2020,10.87
3/24/2020,10.55
3/25/2020,10.11
3/26/2020,9.29
3/27/2020,8.99
3/30/2020,8.82
3/31/2020,8.77
4/1/2020,9.11
4/2/2020,9.17
4/3/2020,9.43
4/6/2020,9.26
4/7/2020,8.88
4/8/2020,8.81
4/9/2020,7.96
4/10/2020,
4/13/2020,7.7
4/14/2020,7.35
4/15/2020,7.64
4/16/2020,7.58
4/17/2020,7.31
4/20/2020,7.52
4/21/2020,7.9
4/22/2020,7.85
4/23/2020,7.87
4/24/2020,8.03
4/27/2020,8.01
4/28/2020,8.02
4/29/2020,7.87
4/30/2020,7.63
5/1/2020,7.7
5/4/2020,7.79
5/5/2020,7.6
5/6/2020,7.6
5/7/2020,7.6
5/8/2020,7.52
5/11/2020,7.51
5/12/2020,7.42
5/13/2020,7.61
5/14/2020,7.77
5/15/2020,7.78
5/18/2020,7.41
5/19/2020,7.35
5/20/2020,7.16
5/21/2020,7.08
5/22/2020,7.06
5/25/2020,7.06
5/26/2020,6.75
5/27/2020,6.7
5/28/2020,6.6
5/29/2020,6.71
5/31/2020,6.54
6/1/2020,6.43
6/2/2020,6.18
6/3/2020,5.8
6/4/2020,5.83
6/5/2020,5.5
6/8/2020,5.51
6/9/2020,5.75
6/10/2020,5.92
6/11/2020,6.4
6/12/2020,6.28
6/15/2020,6.25
6/16/2020,5.78
6/17/2020,5.85
6/18/2020,6.01
6/19/2020,6.02
6/22/2020,6.03
6/23/2020,6.02
6/24/2020,6.23
6/25/2020,6.3
6/26/2020,6.41
6/29/2020,6.52
6/30/2020,6.44
7/1/2020,6.33
7/2/2020,6.17
7/3/2020,6.17
7/6/2020,6.03
7/7/2020,6.04
7/8/2020,6.06
7/9/2020,6.14
7/10/2020,6.14
7/13/2020,6.01
7/14/2020,6.03
7/15/2020,5.81
7/16/2020,5.76
7/17/2020,5.74
7/20/2020,5.54
7/21/2020,5.33
7/22/2020,5.28
7/23/2020,5.26
7/24/2020,5.29
7/27/2020,5.24
7/28/2020,5.27
7/29/2020,5.15
7/30/2020,5.14
7/31/2020,5.16
8/3/2020,5.08
8/4/2020,5.13
8/5/2020,5.04
8/6/2020,5.06
8/7/2020,5.06
8/10/2020,5.09
8/11/2020,5.03
8/12/2020,5.1
8/13/2020,5.16
8/14/2020,5.26
8/17/2020,5.29
8/18/2020,5.26
8/19/2020,5.25
8/20/2020,5.28
8/21/2020,5.25
8/24/2020,5.17
8/25/2020,5.07
8/26/2020,5.02
8/27/2020,4.98
8/28/2020,5
8/31/2020,5.02
9/1/2020,4.97
9/2/2020,4.93
9/3/2020,5.04
9/4/2020,5.13
9/7/2020,5.13
9/8/2020,5.25
9/9/2020,5.16
9/10/2020,5.16
9/11/2020,5.21
9/14/2020,5.18
9/15/2020,5.14
9/16/2020,5.07
9/17/2020,5.14
9/18/2020,5.16
9/21/2020,5.42
9/22/2020,5.45
9/23/2020,5.47
9/24/2020,5.64
9/25/2020,5.64
9/28/2020,5.52
9/29/2020,5.5
9/30/2020,5.41
10/1/2020,5.36
10/2/2020,5.38
10/5/2020,5.18
10/6/2020,5.06
10/7/2020,5.02
10/8/2020,4.97
10/9/2020,4.92
10/12/2020,4.92
10/13/2020,4.88
10/14/2020,4.89
10/15/2020,5.01
10/16/2020,4.94
10/19/2020,4.91
10/20/2020,4.9
10/21/2020,4.91
10/22/2020,4.88
10/23/2020,4.87
10/26/2020,5.03
10/27/2020,5.06
10/28/2020,5.29
10/29/2020,5.25
10/30/2020,5.25
10/31/2020,5.32
11/2/2020,5.25
11/3/2020,5.07
11/4/2020,4.79
11/5/2020,4.59
11/6/2020,4.67
11/9/2020,4.22
11/10/2020,4.37
11/11/2020,4.37
11/12/2020,4.62
11/13/2020,4.63
11/16/2020,4.5
11/17/2020,4.48
11/18/2020,4.42
11/19/2020,4.48
11/20/2020,4.49
11/23/2020,4.43
11/24/2020,4.31
11/25/2020,4.33
11/26/2020,4.33
11/27/2020,4.35
11/30/2020,4.33
12/1/2020,4.21
12/2/2020,4.17
12/3/2020,4.1
12/4/2020,4.03
12/7/2020,4.03
12/8/2020,4.03
12/9/2020,4.04
12/10/2020,4.08
12/11/2020,4.13
12/14/2020,4.07
12/15/2020,4.06
12/16/2020,4.06
12/17/2020,4.05
12/18/2020,4.03
12/21/2020,4.18
12/22/2020,4.12
12/23/2020,4.07
12/24/2020,4.05
12/25/2020,
12/28/2020,3.89
12/29/2020,3.85
12/30/2020,3.87
12/31/2020,3.86
1/1/2021,
1/4/2021,3.93
1/5/2021,3.92
1/6/2021,3.8
1/7/2021,3.78
1/8/2021,3.76
1/11/2021,3.82
1/12/2021,3.85
1/13/2021,3.82
1/14/2021,3.73
1/15/2021,3.74
1/18/2021,3.73
1/19/2021,3.71
1/20/2021,3.67
1/21/2021,3.65
1/22/2021,3.75
1/25/2021,3.75
1/26/2021,3.74
1/27/2021,3.85
1/28/2021,3.76
1/29/2021,3.79
1/31/2021,3.84
2/1/2021,3.83
2/2/2021,3.75
2/3/2021,3.68
2/4/2021,3.64
2/5/2021,3.58
2/8/2021,3.54
2/9/2021,3.51
2/10/2021,3.51
2/11/2021,3.5
2/12/2021,3.48
2/15/2021,3.47
2/16/2021,3.41
2/17/2021,3.44
2/18/2021,3.46
2/19/2021,3.41
2/22/2021,3.44
2/23/2021,3.47
2/24/2021,3.42
2/25/2021,3.42
2/26/2021,3.52
2/28/2021,3.57
3/1/2021,3.54
3/2/2021,3.53
3/3/2021,3.51
3/4/2021,3.54
3/5/2021,3.6
3/8/2021,3.57
3/9/2021,3.62
3/10/2021,3.63
3/11/2021,3.52
3/12/2021,3.55
3/15/2021,3.55
3/16/2021,3.55
3/17/2021,3.65
3/18/2021,3.66
3/19/2021,3.67
3/22/2021,3.58
3/23/2021,3.57
3/24/2021,3.51
3/25/2021,3.53
3/26/2021,3.48
3/29/2021,3.43
3/30/2021,3.44
3/31/2021,3.36
4/1/2021,3.33
4/2/2021,
4/5/2021,3.25
4/6/2021,3.25
4/7/2021,3.22
4/8/2021,3.21
4/9/2021,3.24
4/12/2021,3.24
4/13/2021,3.32
4/14/2021,3.25
4/15/2021,3.25
4/16/2021,3.22
4/19/2021,3.25
4/20/2021,3.35
4/21/2021,3.34
4/22/2021,3.34
4/23/2021,3.29
4/26/2021,3.26
4/27/2021,3.24
4/28/2021,3.26
4/29/2021,3.24
4/30/2021,3.28
5/3/2021,3.27
5/4/2021,3.32
5/5/2021,3.29
5/6/2021,3.3
5/7/2021,3.27
5/10/2021,3.26
5/11/2021,3.36
5/12/2021,3.34
5/13/2021,3.37
5/14/2021,3.35
5/17/2021,3.35
5/18/2021,3.35
5/19/2021,3.4
5/20/2021,3.42
5/21/2021,3.37
5/24/2021,3.37
5/25/2021,3.34
5/26/2021,3.35
5/27/2021,3.3
5/28/2021,3.29
5/31/2021,3.34
6/1/2021,3.33
6/2/2021,3.31
6/3/2021,3.28
6/4/2021,3.28
6/7/2021,3.27
6/8/2021,3.26
6/9/2021,3.22
6/10/2021,3.23
6/11/2021,3.21
6/14/2021,3.17
6/15/2021,3.17
6/16/2021,3.12
6/17/2021,3.15
6/18/2021,3.18
6/21/2021,3.14
6/22/2021,3.15
6/23/2021,3.13
6/24/2021,3.08
6/25/2021,3.04
6/28/2021,3.05
6/29/2021,3.03
6/30/2021,3.04
7/1/2021,3.02
7/2/2021,3.04
7/5/2021,3.03
7/6/2021,3.05
7/7/2021,3.05
7/8/2021,3.14
7/9/2021,3.07
7/12/2021,3.05
7/13/2021,3.04
7/14/2021,3.1
7/15/2021,3.14
7/16/2021,3.18
7/19/2021,3.44
7/20/2021,3.38
7/21/2021,3.24
7/22/2021,3.24
7/23/2021,3.22
7/26/2021,3.21
7/27/2021,3.27
7/28/2021,3.26
7/29/2021,3.23
7/30/2021,3.26
7/31/2021,3.32
8/2/2021,3.36
8/3/2021,3.42
8/4/2021,3.42
8/5/2021,3.37
8/6/2021,3.32
8/9/2021,3.34
8/10/2021,3.32
8/11/2021,3.37
8/12/2021,3.34
8/13/2021,3.36
8/16/2021,3.38
8/17/2021,3.37
8/18/2021,3.35
8/19/2021,3.42
8/20/2021,3.37
8/23/2021,3.34
8/24/2021,3.26
8/25/2021,3.22
8/26/2021,3.2
8/27/2021,3.17
8/30/2021,3.16
8/31/2021,3.21
9/1/2021,3.19
9/2/2021,3.16
9/3/2021,3.14
9/6/2021,3.13
9/7/2021,3.16
9/8/2021,3.16
9/9/2021,3.15
9/10/2021,3.11
9/13/2021,3.09
9/14/2021,3.11
9/15/2021,3.08
9/16/2021,3.06
9/17/2021,3.04
9/20/2021,3.23
9/21/2021,3.17
9/22/2021,3.09
9/23/2021,3.03
9/24/2021,3.05
9/27/2021,3.06
9/28/2021,3.13
9/29/2021,3.09
9/30/2021,3.15
10/1/2021,3.2
10/4/2021,3.21
10/5/2021,3.17
10/6/2021,3.29
10/7/2021,3.19
10/8/2021,3.2
10/11/2021,3.2
10/12/2021,3.28
10/13/2021,3.25
10/14/2021,3.18
10/15/2021,3.12
10/18/2021,3.11
10/19/2021,3.09
10/20/2021,3.07
10/21/2021,3.03
10/22/2021,3.07
10/25/2021,3.11
10/26/2021,3.09
10/27/2021,3.11
10/28/2021,3.08
10/29/2021,3.08
10/31/2021,3.15
11/1/2021,3.16
11/2/2021,3.21
11/3/2021,3.18
11/4/2021,3.19
11/5/2021,3.12
11/8/2021,3.03
11/9/2021,3.08
11/10/2021,3.06
11/11/2021,3.06
11/12/2021,3.09
11/15/2021,3.1
11/16/2021,3.12
11/17/2021,3.17
11/18/2021,3.19
11/19/2021,3.24
11/22/2021,3.18
11/23/2021,3.3
11/24/2021,3.32
11/25/2021,3.32
11/26/2021,3.62
11/29/2021,3.53
11/30/2021,3.67
12/1/2021,3.58
12/2/2021,3.54
12/3/2021,3.56
12/6/2021,3.41
12/7/2021,3.16
12/8/2021,3.21
12/9/2021,3.25
12/10/2021,3.29
12/13/2021,3.33
12/14/2021,3.35
12/15/2021,3.33
12/16/2021,3.32
12/17/2021,3.36
12/20/2021,3.41
12/21/2021,3.25
12/22/2021,3.21
12/23/2021,3.12
12/24/2021,
12/27/2021,3.02
12/28/2021,3.01
12/29/2021,3.03
12/30/2021,3.09
12/31/2021,3.1
1/3/2022,3.05
1/4/2022,3.09
1/5/2022,3.07
1/6/2022,3.15
1/7/2022,3.2
1/10/2022,3.24
1/11/2022,3.18
1/12/2022,3.06
1/13/2022,3.1
1/14/2022,3.09
1/17/2022,3.09
1/18/2022,3.12
1/19/2022,3.11
1/20/2022,3.1
1/21/2022,3.29
1/24/2022,3.44
1/25/2022,3.39
1/26/2022,3.25
1/27/2022,3.46
1/28/2022,3.61
1/31/2022,3.63
2/1/2022,3.51
2/2/2022,3.45
2/3/2022,3.51
2/4/2022,3.56
2/7/2022,3.6
2/8/2022,3.55
2/9/2022,3.46
2/10/2022,3.44
2/11/2022,3.66
2/14/2022,3.74
2/15/2022,3.67
2/16/2022,3.68
2/17/2022,3.74
2/18/2022,3.78
2/21/2022,3.78
2/22/2022,3.75
2/23/2022,3.72
2/24/2022,3.93
2/25/2022,3.62
2/28/2022,3.77
3/1/2022,3.89
3/2/2022,3.71
3/3/2022,3.71
3/4/2022,3.9
3/7/2022,4.01
3/8/2022,4.03
3/9/2022,3.94
3/10/2022,4
3/11/2022,4.05
3/14/2022,4.16
3/15/2022,4.21
3/16/2022,3.96
3/17/2022,3.81
3/18/2022,3.81
3/21/2022,3.67
3/22/2022,3.7
3/23/2022,3.72
3/24/2022,3.67
3/25/2022,3.51
3/28/2022,3.54
3/29/2022,3.38
3/30/2022,3.33
3/31/2022,3.43
4/1/2022,3.4
4/4/2022,3.33
4/5/2022,3.27
4/6/2022,3.48
4/7/2022,3.54
4/8/2022,3.57
4/11/2022,3.73
4/12/2022,3.75
4/13/2022,3.77
4/14/2022,3.68
4/15/2022,
4/18/2022,3.64
4/19/2022,3.58
4/20/2022,3.56
4/21/2022,3.5
4/22/2022,3.65
4/25/2022,3.8
4/26/2022,3.83
4/27/2022,3.89
4/28/2022,3.83
4/29/2022,3.93
4/30/2022,3.97
5/2/2022,4.05
5/3/2022,3.97
5/4/2022,4.1
5/5/2022,4.03
5/6/2022,4.18
5/9/2022,4.47
5/10/2022,4.52
5/11/2022,4.55
5/12/2022,4.77
5/13/2022,4.63
5/16/2022,4.71
5/17/2022,4.6
5/18/2022,4.84
5/19/2022,4.92
5/20/2022,4.91
5/23/2022,4.82
5/24/2022,4.94
5/25/2022,4.74
5/26/2022,4.38
5/27/2022,4.19
5/30/2022,4.19
5/31/2022,4.22
6/1/2022,4.13
6/2/2022,4.15
6/3/2022,4.21
6/6/2022,4.19
6/7/2022,4.34
6/8/2022,4.34
6/9/2022,4.42
6/10/2022,4.51
6/13/2022,4.87
6/14/2022,4.9
6/15/2022,4.82
6/16/2022,5.17
6/17/2022,5.15
6/20/2022,5.15
6/21/2022,5.05
6/22/2022,5.32
6/23/2022,5.38
6/24/2022,5.18
6/27/2022,5.11
6/28/2022,5.26
6/29/2022,5.62
6/30/2022,5.87
7/1/2022,5.92
7/4/2022,5.93
7/5/2022,5.99
7/6/2022,5.8
7/7/2022,5.5
7/8/2022,5.36
7/11/2022,5.44
7/12/2022,5.43
7/13/2022,5.47
7/14/2022,5.53
7/15/2022,5.39
7/18/2022,5.25
7/19/2022,5.1
7/20/2022,4.9
7/21/2022,4.99
7/22/2022,4.96
7/25/2022,4.95
7/26/2022,5.06
7/27/2022,5.07
7/28/2022,4.98
7/29/2022,4.77
7/31/2022,4.83
8/1/2022,4.8
8/2/2022,4.61
8/3/2022,4.54
8/4/2022,4.55
8/5/2022,4.44
8/8/2022,4.41
8/9/2022,4.46
8/10/2022,4.33
8/11/2022,4.21
8/12/2022,4.25
8/15/2022,4.24
8/16/2022,4.25
8/17/2022,4.33
8/18/2022,4.37
8/19/2022,4.45
8/22/2022,4.62
8/23/2022,4.68
8/24/2022,4.61
8/25/2022,4.6
8/26/2022,4.65
8/29/2022,4.78
8/30/2022,4.9
8/31/2022,5.03
9/1/2022,5.08
9/2/2022,5.06
9/5/2022,5.07
9/6/2022,4.98
9/7/2022,4.97
9/8/2022,4.8
9/9/2022,4.57
9/12/2022,4.5
9/13/2022,4.68
9/14/2022,4.74
9/15/2022,4.77
9/16/2022,5
9/19/2022,4.88
9/20/2022,4.88
9/21/2022,4.87
9/22/2022,4.91
9/23/2022,5.12
9/26/2022,5.18
9/27/2022,5.22
9/28/2022,5.47
9/29/2022,5.5
9/30/2022,5.43
10/3/2022,5.43
10/4/2022,5.12
10/5/2022,5.09
10/6/2022,4.95
10/7/2022,5.02
10/10/2022,5.03
10/11/2022,5.25
10/12/2022,5.31
10/13/2022,5.25
10/14/2022,5.15
10/17/2022,5.04
10/18/2022,4.95
10/19/2022,4.97
10/20/2022,4.89
10/21/2022,4.99
10/24/2022,4.91
10/25/2022,4.88
10/26/2022,4.8
10/27/2022,4.76
10/28/2022,4.54
10/31/2022,4.63
11/1/2022,4.61
11/2/2022,4.62
11/3/2022,4.81
11/4/2022,4.77
11/7/2022,4.71
11/8/2022,4.79
11/9/2022,4.99
11/10/2022,4.8
11/11/2022,4.81
11/14/2022,4.67
11/15/2022,4.64
11/16/2022,4.71
11/17/2022,4.75
11/18/2022,4.65
11/21/2022,4.64
11/22/2022,4.57
11/23/2022,4.51
11/24/2022,4.51
11/25/2022,4.52
11/28/2022,4.63
11/29/2022,4.63
11/30/2022,4.55
12/1/2022,4.48
12/2/2022,4.5
12/5/2022,4.43
12/6/2022,4.57
12/7/2022,4.68
12/8/2022,4.55
12/9/2022,4.46
12/12/2022,4.4
12/13/2022,4.34
12/14/2022,4.37
12/15/2022,4.54
12/16/2022,4.67
12/19/2022,4.67
12/20/2022,4.68
12/21/2022,4.56
12/22/2022,4.61
12/23/2022,4.59
12/26/2022,
12/27/2022,4.55
12/28/2022,4.77
12/29/2022,4.81
12/30/2022,4.79
12/31/2022,4.81
1/2/2023,
1/3/2023,4.7
1/4/2023,4.62
1/5/2023,4.58
1/6/2023,4.47
1/9/2023,4.37
1/10/2023,4.33
1/11/2023,4.3
1/12/2023,4.29
1/13/2023,4.21
1/16/2023,4.19
1/17/2023,4.19
1/18/2023,4.25
1/19/2023,4.39
1/20/2023,4.35
1/23/2023,4.27
1/24/2023,4.33
1/25/2023,4.35
1/26/2023,4.24
1/27/2023,4.23
1/30/2023,4.26
1/31/2023,4.3
2/1/2023,4.31
2/2/2023,3.94
2/3/2023,3.95
2/6/2023,3.99
2/7/2023,3.99
2/8/2023,4.07
2/9/2023,4.05
2/10/2023,4.24
2/13/2023,4.23
2/14/2023,4.15
2/15/2023,4.18
2/16/2023,4.24
2/17/2023,4.38
2/20/2023,4.38
2/21/2023,4.49
2/22/2023,4.41
2/23/2023,4.3
2/24/2023,4.28
2/27/2023,4.21
2/28/2023,4.22
3/1/2023,4.17
3/2/2023,4.18
3/3/2023,4.05
3/6/2023,3.97
3/7/2023,3.98
3/8/2023,4.09
3/9/2023,4.27
3/10/2023,4.61
3/13/2023,5.03
3/14/2023,4.74
3/15/2023,5.2
3/16/2023,4.93
3/17/2023,5.17
3/20/2023,5.15
3/21/2023,4.85
3/22/2023,5
3/23/2023,5.1
3/24/2023,5.22
3/27/2023,5.03
3/28/2023,5.01
3/29/2023,4.83
3/30/2023,4.74
3/31/2023,4.58
4/3/2023,4.58
4/4/2023,4.73
4/5/2023,4.84
4/6/2023,4.84
4/7/2023,
4/10/2023,4.7
4/11/2023,4.63
4/12/2023,4.62
4/13/2023,4.49
4/14/2023,4.43
4/17/2023,4.41
4/18/2023,4.37
4/19/2023,4.41
4/20/2023,4.54
4/21/2023,4.46
4/24/2023,4.48
4/25/2023,4.64
4/26/2023,4.63
4/27/2023,4.48
4/28/2023,4.5
4/30/2023,4.53
5/1/2023,4.45
5/2/2023,4.7
5/3/2023,4.79
5/4/2023,4.95
5/5/2023,4.77
5/8/2023,4.72
5/9/2023,4.74
5/10/2023,4.78
5/11/2023,4.81
5/12/2023,4.76
5/15/2023,4.77
5/16/2023,4.79
5/17/2023,4.75
5/18/2023,4.69
5/19/2023,4.62
5/22/2023,4.54
5/23/2023,4.6
5/24/2023,4.68
5/25/2023,4.58
5/26/2023,4.53
5/29/2023,4.54
5/30/2023,4.58
5/31/2023,4.69
6/1/2023,4.65
6/2/2023,4.37
6/5/2023,4.39
6/6/2023,4.39
6/7/2023,4.33
6/8/2023,4.39
6/9/2023,4.29
6/12/2023,4.34
6/13/2023,4.18
6/14/2023,4.18
6/15/2023,4.21
6/16/2023,4.15
6/19/2023,4.15
6/20/2023,4.22
6/21/2023,4.32
6/22/2023,4.3
6/23/2023,4.4
6/26/2023,4.45
6/27/2023,4.3
6/28/2023,4.27
6/29/2023,4.14
6/30/2023,4.05
7/3/2023,3.99
7/4/2023,3.99
7/5/2023,4.01
7/6/2023,4.1
7/7/2023,4.08
7/10/2023,4.13
7/11/2023,4.05
7/12/2023,3.95
7/13/2023,3.97
7/14/2023,3.9
7/17/2023,3.97
7/18/2023,3.9
7/19/2023,3.89
7/20/2023,3.9
7/21/2023,3.89
7/24/2023,3.82
7/25/2023,3.84
7/26/2023,3.91
7/27/2023,3.78
7/28/2023,3.82
7/31/2023,3.79
8/1/2023,3.82
8/2/2023,3.96
8/3/2023,3.98
8/4/2023,4.01
8/7/2023,3.97
8/8/2023,4
8/9/2023,3.94
8/10/2023,3.83
8/11/2023,3.83
8/14/2023,3.79
8/15/2023,3.85
8/16/2023,3.81
8/17/2023,3.95
8/18/2023,4.02
8/21/2023,3.97
8/22/2023,3.93
8/23/2023,3.92
8/24/2023,3.91
8/25/2023,3.9
8/28/2023,3.86
8/29/2023,3.87
8/30/2023,3.8
8/31/2023,3.85
9/1/2023,3.81
9/4/2023,3.81
9/5/2023,3.83
9/6/2023,3.86
9/7/2023,3.9
9/8/2023,3.85
9/11/2023,3.82
9/12/2023,3.84
9/13/2023,3.85
9/14/2023,3.78
9/15/2023,3.79
9/18/2023,3.82
9/19/2023,3.82
9/20/2023,3.77
9/21/2023,3.89
9/22/2023,3.93
9/25/2023,3.97
9/26/2023,4.04
9/27/2023,4.03
9/28/2023,4.09
9/29/2023,4.03
9/30/2023,4.03
10/2/2023,4.11
10/3/2023,4.26
10/4/2023,4.37
10/5/2023,4.38
10/6/2023,4.33
10/9/2023,4.34
10/10/2023,4.26
10/11/2023,4.25
10/12/2023,4.25
10/13/2023,4.3
10/16/2023,4.27
10/17/2023,4.25
10/18/2023,4.32
10/19/2023,4.37
10/20/2023,4.52
10/23/2023,4.51
10/24/2023,4.41
10/25/2023,4.37
10/26/2023,4.5
10/27/2023,4.53
10/30/2023,4.5
10/31/2023,4.42
11/1/2023,4.47
11/2/2023,4.15
11/3/2023,4.04
11/6/2023,4
11/7/2023,4.08
11/8/2023,4.08
11/9/2023,4.04
11/10/2023,4.03
11/13/2023,4.03
11/14/2023,3.92
11/15/2023,3.89
11/16/2023,4.02
11/17/2023,3.99
11/20/2023,3.92
11/21/2023,3.95
11/22/2023,3.9
11/23/2023,3.9
11/24/2023,3.85
11/27/2023,3.89
11/28/2023,3.9
11/29/2023,3.8
11/30/2023,3.84
12/1/2023,3.87
12/4/2023,3.8
12/5/2023,3.8
12/6/2023,3.79
12/7/2023,3.77
12/8/2023,3.75
12/11/2023,3.79
12/12/2023,3.76
12/13/2023,3.79
12/14/2023,3.47
12/15/2023,3.51
12/18/2023,3.51
12/19/2023,3.46
12/20/2023,3.43
12/21/2023,3.41
12/22/2023,3.39
12/25/2023,
12/26/2023,3.37
12/27/2023,3.34
12/28/2023,3.32
12/29/2023,3.34
12/31/2023,3.39
1/1/2024,
1/2/2024,3.54
1/3/2024,3.71
1/4/2024,3.69
1/5/2024,3.68
1/8/2024,3.63
1/9/2024,3.59
1/10/2024,3.5
1/11/2024,3.55
1/12/2024,3.56
1/15/2024,3.54
1/16/2024,3.58
1/17/2024,3.62
1/18/2024,3.58
1/19/2024,3.54
1/22/2024,3.49
1/23/2024,3.51
1/24/2024,3.44
1/25/2024,3.45
1/26/2024,3.39
1/29/2024,3.41
1/30/2024,3.42
1/31/2024,3.59
2/1/2024,3.56
2/2/2024,3.47
2/5/2024,3.5
2/6/2024,3.52
2/7/2024,3.43
2/8/2024,3.38
2/9/2024,3.33
2/12/2024,3.35
2/13/2024,3.36
2/14/2024,3.38
2/15/2024,3.35
2/16/2024,3.34
2/19/2024,3.34
2/20/2024,3.37
2/21/2024,3.34
2/22/2024,3.22
2/23/2024,3.23
2/26/2024,3.23
2/27/2024,3.26
2/28/2024,3.31
2/29/2024,3.29
3/1/2024,3.32
3/4/2024,3.26
3/5/2024,3.31
3/6/2024,3.27
3/7/2024,3.27
3/8/2024,3.26
3/11/2024,3.26
3/12/2024,3.2
3/13/2024,3.15
3/14/2024,3.15
3/15/2024,3.16
3/18/2024,3.13
3/19/2024,3.1
3/20/2024,3.14
3/21/2024,3.05
3/22/2024,3.08
3/25/2024,3.11
3/26/2024,3.15
3/27/2024,3.15
3/28/2024,3.12
3/29/2024,
3/31/2024,3.15
4/1/2024,3.12
4/2/2024,3.23
4/3/2024,3.23
4/4/2024,3.24
4/5/2024,3.18
4/8/2024,3.15
4/9/2024,3.14
4/10/2024,3.1
4/11/2024,3.16
4/12/2024,3.25
4/15/2024,3.28
4/16/2024,3.36
4/17/2024,3.42
4/18/2024,3.39
4/19/2024,3.37
4/22/2024,3.29
4/23/2024,3.2
4/24/2024,3.19
4/25/2024,3.24
4/26/2024,3.16
4/29/2024,3.12
4/30/2024,3.18
5/1/2024,3.21
5/2/2024,3.16
5/3/2024,3.08
5/6/2024,3.03
5/7/2024,3.06
5/8/2024,3.1
5/9/2024,3.14
5/10/2024,3.12
5/13/2024,3.14
5/14/2024,3.14
5/15/2024,3.13
5/16/2024,3.08
5/17/2024,3.09
5/20/2024,3.07
5/21/2024,3.07
5/22/2024,3.11
5/23/2024,3.1
5/24/2024,3.11
5/27/2024,3.12
5/28/2024,3.09
5/29/2024,3.15
5/30/2024,3.19
5/31/2024,3.2
6/3/2024,3.17
6/4/2024,3.22
6/5/2024,3.2
6/6/2024,3.2
6/7/2024,3.15
6/10/2024,3.15
6/11/2024,3.19
6/12/2024,3.09
6/13/2024,3.2
6/14/2024,3.29
6/17/2024,3.26
6/18/2024,3.24
6/19/2024,3.24
6/20/2024,3.23
6/21/2024,3.21
6/24/2024,3.19
6/25/2024,3.19
6/26/2024,3.18
6/27/2024,3.21
6/28/2024,3.18
6/30/2024,3.21
7/1/2024,3.21
7/2/2024,3.23
7/3/2024,3.25
7/4/2024,3.25
7/5/2024,3.27
7/8/2024,3.2
7/9/2024,3.21
7/10/2024,3.17
7/11/2024,3.18
7/12/2024,3.19
7/15/2024,3.13
7/16/2024,3.08
7/17/2024,3.09
7/18/2024,3.09
7/19/2024,3.09
7/22/2024,3.05
7/23/2024,3.02
7/24/2024,3.1
7/25/2024,3.08
7/26/2024,3.1
7/29/2024,3.13
7/30/2024,3.2
7/31/2024,3.25
8/1/2024,3.35
8/2/2024,3.72
8/5/2024,3.93
8/6/2024,3.67
8/7/2024,3.57
8/8/2024,3.48
8/9/2024,3.49
8/12/2024,3.52
8/13/2024,3.54
8/14/2024,3.46
8/15/2024,3.31
8/16/2024,3.29
8/19/2024,3.21
8/20/2024,3.25
8/21/2024,3.27
8/22/2024,3.21
8/23/2024,3.19
8/26/2024,3.15
8/27/2024,3.17
8/28/2024,3.19
8/29/2024,3.15
8/30/2024,3.13
8/31/2024,3.17
9/2/2024,3.17
9/3/2024,3.31
9/4/2024,3.35
9/5/2024,3.29
9/6/2024,3.39
9/9/2024,3.36
9/10/2024,3.46
9/11/2024,3.44
9/12/2024,3.39
9/13/2024,3.37
9/16/2024,3.32
9/17/2024,3.25
9/18/2024,3.21
9/19/2024,3.1
9/20/2024,3.15
9/23/2024,3.15
9/24/2024,3.21
9/25/2024,3.19
9/26/2024,3.14
9/27/2024,3.14
9/30/2024,3.03
10/1/2024,3.07
10/2/2024,3.06
10/3/2024,3.04
10/4/2024,2.89
10/7/2024,2.95
10/8/2024,2.99
10/9/2024,2.94
10/10/2024,2.99
10/11/2024,2.98
10/14/2024,2.97
10/15/2024,2.93
10/16/2024,2.9
10/17/2024,2.89
10/18/2024,2.88
10/21/2024,2.88
10/22/2024,2.92
10/23/2024,2.95
10/24/2024,2.93
10/25/2024,2.89
10/28/2024,2.82
10/29/2024,2.85
10/30/2024,2.8
10/31/2024,2.88
11/1/2024,2.83
11/4/2024,2.87
11/5/2024,2.86
11/6/2024,2.74
11/7/2024,2.73
11/8/2024,2.63
11/11/2024,2.63
11/12/2024,2.61
11/13/2024,2.64
11/14/2024,2.6
11/15/2024,2.72
11/18/2024,2.72
11/19/2024,2.69
11/20/2024,2.67
11/21/2024,2.61
11/22/2024,2.61
11/25/2024,2.64
11/26/2024,2.68
11/27/2024,2.69
11/28/2024,2.69
11/29/2024,2.72
11/30/2024,2.74
12/2/2024,2.68
12/3/2024,2.66
12/4/2024,2.66
12/5/2024,2.66
12/6/2024,2.67
12/9/2024,2.67
12/10/2024,2.67
12/11/2024,2.64
12/12/2024,2.66
12/13/2024,2.68
12/16/2024,2.69
12/17/2024,2.75
12/18/2024,2.73
12/19/2024,2.91
12/20/2024,2.86
12/23/2024,2.85
12/24/2024,2.86
12/25/2024,
12/26/2024,2.86
12/27/2024,2.84
12/30/2024,2.94
12/31/2024,2.92
1/1/2025,
1/2/2025,2.88
1/3/2025,2.81
1/6/2025,2.76
1/7/2025,2.79
1/8/2025,2.84
1/9/2025,2.82
1/10/2025,2.81
1/13/2025,2.85
1/14/2025,2.8
1/15/2025,2.72
1/16/2025,2.73
1/17/2025,2.64
1/20/2025,2.64
1/21/2025,2.61
1/22/2025,2.59
1/23/2025,2.61
1/24/2025,2.6
1/27/2025,2.66
1/28/2025,2.66
1/29/2025,2.68
1/30/2025,2.67
1/31/2025,2.68
2/3/2025,2.73
2/4/2025,2.71
2/5/2025,2.69
2/6/2025,2.66
2/7/2025,2.67
2/10/2025,2.66
2/11/2025,2.66
2/12/2025,2.65
2/13/2025,2.65
2/14/2025,2.62
2/17/2025,2.62
2/18/2025,2.62
2/19/2025,2.68
2/20/2025,2.66
2/21/2025,2.78
2/24/2025,2.78
2/25/2025,2.84
2/26/2025,2.81
2/27/2025,2.81
2/28/2025,2.87
3/3/2025,2.94
3/4/2025,2.99
3/5/2025,2.88
3/6/2025,2.99
3/7/2025,2.97
3/10/2025,3.16
3/11/2025,3.22
3/12/2025,3.2
3/13/2025,3.4
3/14/2025,3.25
3/17/2025,3.18
3/18/2025,3.23
3/19/2025,3.19
3/20/2025,3.17
3/21/2025,3.21
3/24/2025,3.05
3/25/2025,3.09
3/26/2025,3.19
3/27/2025,3.27
3/28/2025,3.47
3/31/2025,3.55
4/1/2025,3.5
4/2/2025,3.42
4/3/2025,4.01
4/4/2025,4.45
4/7/2025,4.61
4/8/2025,4.57
4/9/2025,4.37
4/10/2025,4.42
4/11/2025,4.26
4/14/2025,4.14
4/15/2025,4.09
4/16/2025,4.16
4/17/2025,4.02
4/18/2025,
4/21/2025,4.16
4/22/2025,3.99
4/23/2025,3.75
4/24/2025,3.73
4/25/2025,3.67
4/28/2025,3.73
4/29/2025,3.74
4/30/2025,3.94
5/1/2025,3.78
5/2/2025,3.6
5/5/2025,3.6
5/6/2025,3.66
5/7/2025,3.67
5/8/2025,3.51
5/9/2025,3.53
5/12/2025,3.15
5/13/2025,3.09
5/14/2025,3.1
5/15/2025,3.2
5/16/2025,3.16
5/19/2025,3.21
5/20/2025,3.2
5/21/2025,3.25
5/22/2025,3.32
5/23/2025,3.4
5/26/2025,3.4
5/27/2025,3.24
5/28/2025,3.23
5/29/2025,3.22
5/30/2025,3.31
5/31/2025,3.32
6/2/2025,3.27
6/3/2025,3.19
6/4/2025,3.23
6/5/2025,3.18
6/6/2025,3.09
6/9/2025,3.12
6/10/2025,3.12
6/11/2025,3.12
6/12/2025,3.17
6/13/2025,3.18
6/16/2025,3.1
6/17/2025,3.17
6/18/2025,3.16
6/19/2025,3.16
6/20/2025,3.13
6/23/2025,3.12
6/24/2025,3.06
6/25/2025,3.04
6/26/2025,3.04
6/27/2025,3.02
6/30/2025,2.96
7/1/2025,2.91
7/2/2025,2.88
7/3/2025,2.8
7/4/2025,2.8
7/7/2025,2.86
7/8/2025,2.92
7/9/2025,2.94
7/10/2025,2.92
7/11/2025,2.97
7/14/2025,2.95
7/15/2025,2.95
7/16/2025,3
7/17/2025,2.91
7/18/2025,2.93
7/21/2025,2.89
7/22/2025,2.9
7/23/2025,2.83
7/24/2025,2.82
7/25/2025,2.84
7/28/2025,2.82
7/29/2025,2.86
7/30/2025,2.89
7/31/2025,2.86
8/1/2025,3.13
8/4/2025,3.02
8/5/2025,2.98
8/6/2025,2.98
8/7/2025,2.95
8/8/2025,2.94
8/11/2025,2.94
8/12/2025,2.93
8/13/2025,2.9
8/14/2025,2.89
8/15/2025,2.88
8/18/2025,2.88
8/19/2025,2.9
8/20/2025,2.94
8/21/2025,2.95
8/22/2025,2.88
8/25/2025,2.8
8/26/2025,2.78
8/27/2025,2.78
8/28/2025,2.75
8/29/2025,2.82
8/31/2025,2.84
9/1/2025,2.84
9/2/2025,2.92
9/3/2025,2.88
9/4/2025,2.84
9/5/2025,2.83
9/8/2025,2.84
9/9/2025,2.87
9/10/2025,2.84
9/11/2025,2.78
9/12/2025,2.79
9/15/2025,2.75
9/16/2025,2.79
9/17/2025,2.79
9/18/2025,2.71
9/19/2025,2.72
9/22/2025,2.69
9/23/2025,2.71
9/24/2025,2.7
9/25/2025,2.76
9/26/2025,2.75
9/29/2025,2.74
9/30/2025,2.8
10/1/2025,2.81
10/2/2025,2.81
10/3/2025,2.8
10/6/2025,2.76
10/7/2025,2.82
10/8/2025,2.84
10/9/2025,2.95
10/10/2025,3.18
10/13/2025,3.18
10/14/2025,3.11
10/15/2025,2.95
10/16/2025,3.04
10/17/2025,3.04
10/20/2025,2.99
10/21/2025,2.97
10/22/2025,3.01
10/23/2025,2.96
10/24/2025,2.88
10/27/2025,2.8
10/28/2025,2.82
10/29/2025,2.76
10/30/2025,2.85
10/31/2025,2.94
11/3/2025,3.04
11/4/2025,3.13
11/5/2025,3.05
11/6/2025,3.13
11/7/2025,3.15
11/10/2025,3.02
11/11/2025,3.02
11/12/2025,3.02
11/13/2025,3.09
11/14/2025,3.07
11/17/2025,3.13
11/18/2025,3.2
11/19/2025,3.17
11/20/2025,3.17
11/21/2025,3.19
11/24/2025,3.15
11/25/2025,3.1
11/26/2025,3
11/27/2025,3
11/28/2025,2.95
11/30/2025,2.92
12/1/2025,2.94
12/2/2025,2.92
12/3/2025,2.89
