timestamp,open,high,low,close,adjusted close,volume,dividend amount
2025-12-04,23.6800,23.7400,23.6100,23.7200,23.7200,16913603,0.1397
2025-11-28,23.6600,23.8500,23.6400,23.8200,23.6801,19856711,0.0000
2025-11-21,23.5900,23.6700,23.5200,23.6300,23.4912,28033618,0.0000
2025-11-14,23.6600,23.7500,23.5500,23.5900,23.4515,22187838,0.0000
2025-11-07,23.6600,23.6800,23.5300,23.6300,23.4912,23932704,0.1426
2025-10-31,23.9000,23.9490,23.7800,23.8000,23.5181,22929105,0.0000
2025-10-24,23.7800,23.8700,23.7300,23.8700,23.5873,24408032,0.0000
2025-10-17,23.6100,23.8000,23.5700,23.7800,23.4983,22806552,0.0000
2025-10-10,23.8200,23.8300,23.5400,23.5400,23.2612,22385936,0.0000
2025-10-03,23.9500,23.9691,23.7900,23.8100,23.5280,22479661,0.1441
2025-09-26,23.9300,23.9900,23.8600,23.9200,23.4947,19004258,0.0000
2025-09-19,23.8900,23.9700,23.8401,23.9600,23.5340,12610826,0.0000
2025-09-12,23.8300,23.8900,23.7546,23.8700,23.4456,21516341,0.0000
2025-09-05,23.6500,23.8800,23.6100,23.8100,23.3866,20820396,0.1455
2025-08-29,23.8100,23.8800,23.7800,23.8400,23.2730,16475035,0.0000
2025-08-22,23.7000,23.8200,23.6200,23.8100,23.2437,23697646,0.0000
2025-08-15,23.6600,23.7550,23.6300,23.6900,23.1266,23689267,0.0000
2025-08-08,23.5900,23.6800,23.5900,23.6400,23.0778,16941438,0.0000
2025-08-01,23.7500,23.7500,23.5200,23.5500,22.9899,20108764,0.1468
2025-07-25,23.6900,23.7600,23.6800,23.7400,23.0318,14707519,0.0000
2025-07-18,23.5800,23.6700,23.5000,23.6700,22.9639,24488345,0.0000
2025-07-11,23.7100,23.7100,23.5650,23.5900,22.8863,18342633,0.0000
2025-07-03,23.7600,23.8000,23.6046,23.6900,22.9833,23196704,0.1464
2025-06-27,23.5500,23.7500,23.5450,23.7200,22.8707,18122837,0.0000
2025-06-20,23.4700,23.5700,23.4300,23.5600,22.7164,12642837,0.0000
2025-06-13,23.4100,23.5160,23.4000,23.4300,22.5910,16765427,0.0000
2025-06-06,23.3400,23.4600,23.2900,23.3900,22.5525,14649403,0.1458
2025-05-30,23.4300,23.5600,23.3846,23.5000,22.5179,21929343,0.0000
2025-05-23,23.3500,23.4500,23.2500,23.3200,22.3454,22134164,0.0000
2025-05-16,23.3900,23.4852,23.3300,23.4500,22.4700,31062761,0.0000
2025-05-09,23.1600,23.2400,23.1100,23.1800,22.2113,24447230,0.0000
2025-05-02,23.3100,23.3800,23.0900,23.1800,22.2113,26743565,0.1465
2025-04-25,22.9500,23.3400,22.8001,23.3100,22.1952,18458268,0.0000
2025-04-17,22.9000,23.0000,22.7500,22.9900,21.8905,22697254,0.0000
2025-04-11,22.3200,23.0250,22.2100,22.6900,21.6048,57825784,0.0000
2025-04-04,23.3500,23.4300,22.5450,22.6700,21.5858,60896475,0.1477
2025-03-28,23.5900,23.6350,23.3549,23.4100,22.1501,30866207,0.0000
2025-03-21,23.4400,23.6300,23.4200,23.5100,22.2447,25565470,0.0000
2025-03-14,23.5800,23.5900,23.3000,23.4300,22.1691,76081646,0.0000
2025-03-07,23.7100,23.7900,23.5400,23.6100,22.3394,33634239,0.1476
2025-02-28,23.7900,23.8700,23.7200,23.8400,22.4171,34057384,0.0000
2025-02-21,23.7500,23.7900,23.6900,23.7400,22.3231,14807878,0.0000
2025-02-14,23.7000,23.7900,23.5862,23.7500,22.3325,18118906,0.0000
2025-02-07,23.5500,23.7600,23.5500,23.6500,22.2384,19327783,0.1527
2025-01-31,23.7700,23.8700,23.7500,23.7800,22.2170,12365517,0.0000
2025-01-24,23.7600,23.8200,23.7002,23.8000,22.2357,14861488,0.0000
2025-01-17,23.3900,23.7250,23.3800,23.7200,22.1609,38568072,0.0000
2025-01-10,23.6000,23.6400,23.4200,23.4300,21.8900,19400311,0.0000
2025-01-03,23.4300,23.5900,23.4200,23.5700,22.0208,10736454,0.0000
2024-12-27,23.4700,23.5200,23.3800,23.4500,21.9087,5968751,0.0000
2024-12-20,23.7600,23.7750,23.2800,23.4300,21.8900,30302707,0.1447
2024-12-13,23.8800,23.8800,23.7000,23.7100,22.0149,29267914,0.0000
2024-12-06,23.7800,23.9000,23.7400,23.8300,22.1263,22088274,0.1479
2024-11-29,23.8600,23.9400,23.7800,23.9300,22.0819,14736247,0.0000
2024-11-22,23.7300,23.8100,23.6800,23.7700,21.9342,22397853,0.0000
2024-11-15,23.8700,23.8700,23.6400,23.7100,21.8789,18935021,0.0000
2024-11-08,23.6300,23.8600,23.5700,23.8600,22.0173,24087231,0.0000
2024-11-01,23.7400,23.8200,23.5200,23.5200,21.7035,29617396,0.1540
2024-10-25,23.8500,23.8500,23.6500,23.7000,21.7274,22676365,0.0000
2024-10-18,23.8000,23.9000,23.7500,23.8600,21.8740,24460221,0.0000
2024-10-11,23.8200,23.8200,23.7000,23.7900,21.8099,15729459,0.0000
2024-10-04,24.0500,24.0600,23.7900,23.8200,21.8374,28832801,0.1504
2024-09-27,24.0100,24.0700,23.9500,24.0700,21.9285,62085630,0.0000
2024-09-20,23.8800,24.0600,23.8305,24.0100,21.8738,13352547,0.0000
2024-09-13,23.7100,23.8600,23.6550,23.8300,21.7098,14039240,0.0000
2024-09-06,23.6400,23.7800,23.5500,23.7000,21.5914,19137280,0.1552
2024-08-30,23.8800,23.9100,23.7400,23.8000,21.5407,15630377,0.0000
2024-08-23,23.6400,23.8200,23.6200,23.8100,21.5497,19897498,0.0000
2024-08-16,23.4300,23.6500,23.3703,23.6400,21.3958,17748761,0.0000
2024-08-09,23.1700,23.4400,23.0100,23.3900,21.1696,24277504,0.0000
2024-08-02,23.5800,23.6000,23.3000,23.3300,21.1153,14600274,0.1521
2024-07-26,23.5200,23.5599,23.4400,23.5200,21.1497,16510586,0.0000
2024-07-19,23.4500,23.5400,23.3900,23.4400,21.0778,12886636,0.0000
2024-07-12,23.2600,23.6000,23.2100,23.4300,21.0688,7795440,0.0000
2024-07-05,23.1100,23.2700,23.0400,23.2700,20.9249,11735355,0.1526
2024-06-28,23.2900,23.3400,23.2200,23.2300,20.7515,36563745,0.0000
2024-06-21,23.1700,23.3000,23.1400,23.2900,20.8051,6391895,0.0000
2024-06-14,23.1200,23.3600,23.1000,23.1900,20.7158,6691494,0.0000
2024-06-07,23.2100,23.2400,23.1100,23.1300,20.6622,11931980,0.1498
2024-05-31,23.2900,23.2900,23.0700,23.2600,20.6448,6563301,0.0000
2024-05-24,23.2800,23.3200,23.1500,23.2400,20.6270,11851834,0.0000
2024-05-17,23.2300,23.3300,23.1500,23.2800,20.6625,7417085,0.0000
2024-05-10,23.2300,23.2800,23.1400,23.1700,20.5649,28714966,0.0000
2024-05-03,23.1400,23.2799,22.8800,23.2100,20.6004,16215114,0.1535
2024-04-26,23.0200,23.1550,22.9100,23.1100,20.3756,8003854,0.0000
2024-04-19,23.0500,23.0699,22.8200,22.9400,20.2257,31135380,0.0000
2024-04-12,23.1800,23.2800,23.0000,23.0500,20.3227,23714099,0.0000
2024-04-05,23.3400,23.3400,23.1400,23.1600,20.4197,12708534,0.1537
2024-03-28,23.4300,23.5300,23.3900,23.4600,20.5482,9049899,0.0000
2024-03-22,23.3500,23.5300,23.2900,23.4700,20.5570,7593212,0.0000
2024-03-15,23.3300,23.4250,23.2300,23.2800,20.3906,13229560,0.0000
2024-03-08,23.2900,23.4500,23.2400,23.3500,20.4519,14217317,0.0000
2024-03-01,23.3900,23.3900,23.1800,23.2900,20.3993,11444143,0.1560
2024-02-23,23.2500,23.3900,23.2129,23.3700,20.3332,13574013,0.0000
2024-02-16,23.3900,23.3900,23.0800,23.2900,20.2636,22728881,0.0000
2024-02-09,23.2600,23.3700,23.1500,23.3600,20.3245,12566359,0.0000
2024-02-02,23.4900,23.5700,23.2601,23.2900,20.2636,16008434,0.1603
2024-01-26,23.3700,23.5100,23.3000,23.4600,20.2727,7260165,0.0000
2024-01-19,23.4200,23.4300,23.2000,23.3200,20.1517,4639839,0.0000
2024-01-12,23.2000,23.5150,23.1819,23.4800,20.2900,11385354,0.0000
2024-01-05,23.2900,23.3300,23.1324,23.1600,20.0135,6004457,0.0000
2023-12-29,23.4100,23.5700,23.3600,23.3800,20.2036,4312311,0.0000
2023-12-22,23.3100,23.4888,23.1700,23.4100,20.2295,8888574,0.1560
2023-12-15,22.9300,23.4900,22.8700,23.3800,20.0688,7309535,0.0000
2023-12-08,22.8800,22.9999,22.8440,22.9200,19.6740,5888364,0.0000
2023-12-01,22.7400,23.0199,22.7150,22.9400,19.6911,10869703,0.1533
2023-11-24,22.6500,22.7600,22.6300,22.7300,19.3813,4245113,0.0000
2023-11-17,22.4000,22.6900,22.3706,22.6300,19.2961,13315038,0.0000
2023-11-10,22.5600,22.5700,22.3300,22.4500,19.1426,9867898,0.0000
2023-11-03,22.0000,22.5900,21.9500,22.5700,19.2449,7454540,0.1487
2023-10-27,21.8300,22.0800,21.8001,21.9900,18.6251,5412198,0.0000
2023-10-20,22.1200,22.1469,21.8350,21.8800,18.5319,9935225,0.0000
2023-10-13,22.1100,22.2999,22.0604,22.1100,18.7267,24558977,0.0000
2023-10-06,22.2300,22.2400,21.9000,22.0600,18.6844,6640332,0.1524
2023-09-29,22.4800,22.5400,22.2950,22.4200,18.8594,11387766,0.0000
2023-09-22,22.6900,22.7300,22.4700,22.4900,18.9183,8689391,0.0000
2023-09-15,22.7200,22.7900,22.6600,22.7000,19.0949,4107349,0.0000
2023-09-08,22.8200,22.8200,22.5834,22.6700,19.0697,5416166,0.0000
2023-09-01,22.7500,22.9500,22.7100,22.8300,19.2043,9341256,0.1438
2023-08-25,22.5800,22.7700,22.4800,22.6900,18.9670,5662719,0.0000
2023-08-18,22.7100,22.7769,22.4801,22.5700,18.8667,8836192,0.0000
2023-08-11,22.8000,22.9000,22.7000,22.7200,18.9921,9965566,0.0000
2023-08-04,22.9700,23.0200,22.5600,22.7200,18.9921,20374747,0.1397
2023-07-28,22.9600,23.0400,22.7700,22.9200,19.0424,5940966,0.0000
2023-07-21,22.8400,23.0199,22.8000,22.9200,19.0424,6720808,0.0000
2023-07-14,22.5300,23.0100,22.4900,22.8200,18.9593,5845804,0.0000
2023-07-07,22.7200,22.7200,22.3801,22.5100,18.7018,5106773,0.1364
2023-06-30,22.5900,22.8800,22.5600,22.8400,18.8625,3901715,0.0000
2023-06-23,22.7600,22.7700,22.5300,22.5600,18.6312,1280476,0.0000
2023-06-16,22.7700,22.8400,22.6200,22.7700,18.8047,1933689,0.0000
2023-06-09,22.6400,22.7400,22.5001,22.7000,18.7469,2012725,0.0000
2023-06-02,22.6300,22.6850,22.4200,22.6300,18.6891,1468695,0.1421
2023-05-26,22.5800,22.7050,22.3500,22.5300,18.4898,3233151,0.0000
2023-05-19,22.6100,22.6450,22.4350,22.5600,18.5145,1778630,0.0000
2023-05-12,22.7100,22.7600,22.5600,22.6100,18.5555,3649466,0.0000
2023-05-05,22.7700,22.7700,22.5000,22.7100,18.6376,2098303,0.1384
2023-04-28,22.8100,22.9599,22.7400,22.9400,18.7122,2873668,0.0000
2023-04-21,22.8400,22.9199,22.7100,22.8200,18.6143,2936176,0.0000
2023-04-14,22.6800,22.9700,22.6000,22.9000,18.6796,1270348,0.0000
2023-04-06,22.8300,22.8600,22.5800,22.7600,18.5654,6364977,0.1329
2023-03-31,22.4700,22.9850,22.2900,22.9800,18.6365,9648437,0.0000
2023-03-24,22.3500,22.7000,22.2200,22.3600,18.1337,3995625,0.0000
2023-03-17,22.3200,22.5200,22.1955,22.3450,18.1215,2797971,0.0000
2023-03-10,22.8000,22.8000,22.3000,22.3800,18.1499,2514225,0.0000
2023-03-03,22.6900,22.7560,22.3900,22.7100,18.4175,5351601,0.1328
2023-02-24,22.5900,22.7400,22.3050,22.6100,18.2289,1547904,0.0000
2023-02-17,22.8300,22.8800,22.5100,22.7100,18.3095,1398114,0.0000
2023-02-10,23.0900,23.2199,22.7200,22.7900,18.3740,2288735,0.0000
2023-02-03,23.0800,23.4400,22.9900,23.2100,18.7127,3905062,0.1306
2023-01-27,23.1300,23.1900,23.0300,23.1200,18.5362,2336464,0.0000
2023-01-20,23.2100,23.3599,23.0000,23.1300,18.5442,2126805,0.0000
2023-01-13,22.9300,23.2500,22.8800,23.2400,18.6324,1277225,0.0000
2023-01-06,22.4400,22.9400,22.3200,22.8700,18.3357,2110816,0.0000
2022-12-30,22.5300,22.5300,22.0300,22.3400,17.9108,1294722,0.0000
2022-12-23,22.5100,22.6499,22.3300,22.5400,18.0712,1615256,0.1383
2022-12-16,22.7600,23.1300,22.6500,22.7100,18.0961,1926000,0.0000
2022-12-09,22.8100,22.8100,22.5401,22.7300,18.1120,1441302,0.0000
2022-12-02,22.7200,22.9700,22.4900,22.9000,18.2475,2565802,0.1295
2022-11-25,22.5100,22.8400,22.4700,22.7200,18.0021,722106,0.0000
2022-11-18,22.5000,22.6352,22.3600,22.5400,17.8595,1555781,0.0000
2022-11-11,22.1900,22.5977,21.8200,22.5700,17.8832,2098779,0.0000
2022-11-04,22.5500,22.5500,21.8400,22.1400,17.5425,1947624,0.1274
2022-10-28,22.0700,22.7199,21.9300,22.6300,17.8291,998319,0.0000
2022-10-21,21.9300,22.2500,21.8271,22.0000,17.3328,1372755,0.0000
2022-10-14,21.9500,21.9800,21.4500,21.7700,17.1516,702155,0.0000
2022-10-07,21.8400,22.3100,21.8186,21.9700,17.3091,1162774,0.1259
2022-09-30,21.9500,22.0800,21.6500,21.8200,17.0927,2831450,0.0000
2022-09-23,22.5700,22.7700,21.9700,22.0000,17.2337,2251377,0.0000
2022-09-16,23.1500,23.2400,22.4000,22.5900,17.6959,1030745,0.0000
2022-09-09,22.6900,23.1999,22.5700,23.0700,18.0719,784874,0.0000
2022-09-02,23.0700,23.1400,22.5200,22.6500,17.7429,2140015,0.1286
2022-08-26,23.3000,23.5600,23.1262,23.1500,18.0324,1207794,0.0000
2022-08-19,23.9000,24.0200,23.3900,23.4500,18.2660,1058721,0.0000
2022-08-12,23.8200,24.1000,23.5600,23.9800,18.6789,1396610,0.0000
2022-08-05,23.5300,23.8000,23.5001,23.7000,18.4608,2310233,0.1195
2022-07-29,23.3600,23.7700,23.1000,23.7700,18.4221,1445529,0.0000
2022-07-22,22.9700,23.5100,22.6500,23.3200,18.0733,3144233,0.0000
2022-07-15,22.7600,22.9300,22.3700,22.9300,17.7710,1535315,0.0000
2022-07-08,22.4300,22.8300,22.2850,22.8300,17.6935,740206,0.0000
2022-07-01,22.9300,22.9300,22.3450,22.4500,17.3990,1411461,0.1240
2022-06-24,22.7400,23.0000,22.5676,22.8800,17.6349,968763,0.0000
2022-06-17,22.8900,22.9900,22.2486,22.6100,17.4268,1418010,0.0000
2022-06-10,24.0200,24.2200,22.9700,23.1600,17.8507,2434436,0.0000
2022-06-03,24.3100,24.3400,23.9300,23.9500,18.4596,2567114,0.1161
2022-05-27,23.4300,24.3700,23.3500,24.3700,18.6930,1562208,0.0000
2022-05-20,23.5300,23.5400,23.2100,23.4500,17.9874,1749044,0.0000
2022-05-13,23.6300,23.6900,23.3500,23.5000,18.0257,1504979,0.0000
2022-05-06,23.9500,24.3200,23.6700,23.6800,18.1638,1537674,0.1152
2022-04-29,24.3200,24.5357,24.0400,24.0600,18.3667,2582328,0.0000
2022-04-22,24.5800,24.6600,24.2615,24.2800,18.5346,1680685,0.0000
2022-04-14,24.5500,24.7800,24.3500,24.5800,18.7636,1452655,0.0000
2022-04-08,25.0700,25.2294,24.5800,24.5800,18.7636,1354163,0.0000
2022-04-01,24.8400,25.3000,24.8400,25.0900,19.1530,2904038,0.1053
2022-03-25,25.2100,25.2185,24.8600,24.8600,18.8980,2269332,0.0000
2022-03-18,24.7300,25.2000,24.4700,25.2000,19.1565,1297645,0.0000
2022-03-11,25.1700,25.2201,24.7201,24.7400,18.8068,589816,0.0000
2022-03-04,25.4300,25.5800,25.2115,25.2900,19.2249,1214814,0.1079
2022-02-25,25.3300,25.5300,25.0300,25.4900,19.2950,1502094,0.0000
2022-02-18,25.2600,25.4100,25.1600,25.3300,19.1738,1035137,0.0000
2022-02-11,25.6100,25.7000,25.2017,25.3400,19.1814,1713094,0.0000
2022-02-04,25.9100,25.9400,25.4700,25.6100,19.3858,1736699,0.1071
2022-01-28,26.0800,26.1514,25.6800,25.8700,19.5018,2200281,0.0000
2022-01-21,26.2900,26.3000,26.0800,26.1400,19.7054,863323,0.0000
2022-01-14,26.2300,26.4500,26.1000,26.3400,19.8561,2523166,0.0000
2022-01-07,26.5700,26.5909,26.2300,26.2600,19.7958,1203823,0.0000
2021-12-31,26.5500,26.6600,26.5400,26.5700,20.0295,1515341,0.0000
2021-12-23,26.3900,26.5900,26.2501,26.5800,20.0371,1364096,0.0000
2021-12-17,26.4800,26.5400,26.2810,26.3500,19.8637,1416176,0.1092
2021-12-10,26.3300,26.5600,26.2708,26.4450,19.8530,985945,0.0000
2021-12-03,26.2000,26.3500,25.9800,26.2700,19.7216,2221788,0.1088
2021-11-26,26.5200,26.5300,26.1150,26.1200,19.5276,555815,0.0000
2021-11-19,26.6000,26.6200,26.4600,26.4900,19.8042,757357,0.0000
2021-11-12,26.7500,26.7700,26.5600,26.5700,19.8640,1437576,0.0000
2021-11-05,26.6000,26.7400,26.4600,26.7400,19.9911,1818997,0.1098
2021-10-29,26.6100,26.6700,26.5500,26.6500,19.8416,714657,0.0000
2021-10-22,26.6400,26.7190,26.5450,26.5900,19.7969,1330868,0.0000
2021-10-15,26.5200,26.7550,26.4400,26.6600,19.8490,548379,0.0000
2021-10-08,26.7400,26.7400,26.5200,26.5400,19.7597,1057217,0.0000
2021-10-01,26.8800,27.0000,26.6400,26.7100,19.8862,1406927,0.1085
2021-09-24,26.8400,26.9699,26.7400,26.8700,19.9244,733379,0.0000
2021-09-17,26.7600,26.9900,26.7600,26.9100,19.9541,551868,0.0000
2021-09-10,26.8500,26.8800,26.7900,26.8000,19.8725,420368,0.0000
2021-09-03,26.8700,26.9100,26.8000,26.8600,19.9170,802418,0.1084
2021-08-27,26.7100,26.8900,26.6701,26.8700,19.8442,835885,0.0000
2021-08-20,26.7000,26.7150,26.5715,26.6500,19.6818,540677,0.0000
2021-08-13,26.7100,26.7100,26.5700,26.7100,19.7261,574429,0.0000
2021-08-06,26.7500,26.8000,26.6600,26.6800,19.7039,1001017,0.1093
2021-07-30,26.9100,26.9100,26.7900,26.8600,19.7560,614067,0.0000
2021-07-23,26.8000,26.9100,26.5900,26.8900,19.7781,844016,0.0000
2021-07-16,26.9300,26.9300,26.8000,26.8100,19.7192,524761,0.0000
2021-07-09,26.9200,26.9200,26.8300,26.9000,19.7854,581648,0.0000
2021-07-02,26.8500,26.9200,26.8100,26.8900,19.7781,1287067,0.1140
2021-06-25,26.7500,26.8600,26.7250,26.8500,19.6651,1111409,0.0000
2021-06-18,26.7700,26.7700,26.6700,26.7000,19.5552,963290,0.0000
2021-06-11,26.6500,26.7700,26.6300,26.7600,19.5991,530491,0.0000
2021-06-04,26.5800,26.6300,26.5000,26.6300,19.5039,499930,0.1160
2021-05-28,26.5600,26.6700,26.5600,26.6200,19.4119,826212,0.0000
2021-05-21,26.6000,26.6100,26.4500,26.5500,19.3609,958730,0.0000
2021-05-14,26.6600,26.6600,26.4500,26.5700,19.3754,767901,0.0000
2021-05-07,26.6000,26.6700,26.5200,26.6500,19.4338,532318,0.1151
2021-04-30,26.6700,26.7000,26.6066,26.6800,19.3718,622018,0.0000
2021-04-23,26.6600,26.6700,26.5450,26.6300,19.3355,1031371,0.0000
2021-04-16,26.5500,26.7000,26.5200,26.6200,19.3282,514471,0.0000
2021-04-09,26.5200,26.6400,26.5083,26.5800,19.2992,542860,0.0000
2021-04-01,26.5100,26.5699,26.4300,26.4800,19.2266,360725,0.1181
2021-03-26,26.2300,26.5100,26.2300,26.4900,19.1484,784224,0.0000
2021-03-19,26.4400,26.5000,26.1100,26.2300,18.9605,698000,0.0000
2021-03-12,26.4700,26.5200,26.2300,26.3990,19.0826,823224,0.0000
2021-03-05,26.4900,26.6300,26.2800,26.4200,19.0978,1418491,0.1223
2021-02-26,26.7300,26.7300,26.4500,26.4750,19.0500,722719,0.0000
2021-02-19,26.7800,26.7860,26.6800,26.7050,19.2155,746293,0.0000
2021-02-12,26.7000,26.7500,26.6501,26.7500,19.2478,445128,0.0000
2021-02-05,26.5600,26.6900,26.3900,26.6500,19.1759,314054,0.1248
2021-01-29,26.6200,26.7600,26.4600,26.5089,18.9848,575274,0.0000
2021-01-22,26.6000,26.7162,26.5100,26.6100,19.0573,662283,0.0000
2021-01-15,26.5200,26.5600,26.3800,26.5000,18.9785,344802,0.0000
2021-01-08,26.5000,26.5900,26.4201,26.5500,19.0143,886634,0.0000
2020-12-31,26.4100,26.5000,26.4000,26.4850,18.9677,265536,0.0000
2020-12-24,26.2800,26.3900,26.1800,26.3828,18.8945,245493,0.0000
2020-12-18,26.3900,26.4800,26.2845,26.3000,18.8352,327928,0.1101
2020-12-11,26.2700,26.4400,26.2501,26.2884,18.7485,1024133,0.0000
2020-12-04,26.2400,26.3300,26.1400,26.2800,18.7425,521738,0.1233
2020-11-27,26.1100,26.1900,26.0300,26.1628,18.5713,178632,0.0000
2020-11-20,25.9600,26.0600,25.8600,26.0100,18.4628,334273,0.0000
2020-11-13,26.1300,26.1400,25.7550,25.8100,18.3209,302245,0.0000
2020-11-06,25.2800,25.8100,25.1400,25.6750,18.2251,682591,0.1249
2020-10-30,25.5000,25.5799,25.1600,25.3400,17.8985,297278,0.0000
2020-10-23,25.4400,25.6800,25.3900,25.5200,18.0257,256459,0.0000
2020-10-16,25.5200,25.7100,25.4100,25.4650,17.9868,811582,0.0000
2020-10-09,25.2400,25.5700,25.2400,25.5400,18.0398,239585,0.0000
2020-10-02,25.1800,25.3000,25.0636,25.1600,17.7714,474821,0.1282
2020-09-25,25.3600,25.4000,25.0000,25.0200,17.5829,184575,0.0000
2020-09-18,25.5300,25.5500,25.3600,25.4500,17.8850,175312,0.0000
2020-09-11,25.4700,25.5100,25.3000,25.4700,17.8991,153978,0.0000
2020-09-04,25.6400,25.6500,25.3200,25.5250,17.9378,200332,0.1179
2020-08-28,25.5600,25.7500,25.5000,25.6100,17.9150,283053,0.0000
2020-08-21,25.3400,26.0000,25.3400,25.4900,17.8310,224583,0.0000
2020-08-14,25.6400,25.7200,25.3400,25.3400,17.7261,208105,0.0000
2020-08-07,25.4400,25.6700,25.4000,25.5650,17.8835,235630,0.1280
2020-07-31,25.3100,25.5700,25.3100,25.5700,17.7974,247200,0.0000
2020-07-24,24.9400,25.4399,24.9400,25.3500,17.6443,171717,0.0000
2020-07-17,24.6600,25.0500,24.5200,24.9300,17.3519,123087,0.0000
2020-07-10,24.8200,24.8800,24.4600,24.5900,17.1153,175943,0.0000
2020-07-02,24.5500,24.6800,24.4000,24.5300,17.0735,248210,0.1210
2020-06-26,25.0400,25.0400,24.4700,24.4800,16.9550,140646,0.0000
2020-06-19,24.5100,25.1700,24.5100,24.8800,17.2320,211261,0.0000
2020-06-12,25.2300,25.3300,24.3600,24.6500,17.0727,355342,0.0000
2020-06-05,24.2000,25.2700,24.2000,25.1800,17.4398,166645,0.1227
2020-05-29,24.1100,24.4500,24.1100,24.4300,16.8360,171000,0.0000
2020-05-22,23.5500,24.0400,23.5200,24.0200,16.5535,244828,0.0000
2020-05-15,23.3900,23.7000,23.1500,23.3100,16.0642,155004,0.0000
2020-05-08,23.0500,23.5200,23.0500,23.4500,16.1606,196499,0.0000
2020-05-01,23.4200,23.7400,23.2800,23.3200,16.0711,231937,0.1324
2020-04-24,23.8200,23.8300,23.2300,23.2900,15.9597,172272,0.0000
2020-04-17,23.6300,23.9500,23.3900,23.8800,16.3641,384278,0.0000
2020-04-09,22.4700,24.6100,22.0500,23.9800,16.4326,537766,0.0000
2020-04-03,22.6200,22.7400,21.7500,21.9700,15.0552,457991,0.1248
2020-03-27,20.6900,22.5800,20.2900,22.4800,15.3182,558983,0.0000
2020-03-20,22.1700,22.9900,20.7500,20.7500,14.1394,632147,0.0000
2020-03-13,25.0000,25.2700,22.1800,23.7100,16.1564,1164123,0.0000
2020-03-06,25.5800,26.0800,25.3000,25.5900,17.4374,611055,0.1309
2020-02-28,26.6900,26.6900,25.5100,25.8700,17.5394,364849,0.0000
2020-02-21,26.6800,26.6800,26.4900,26.5300,17.9869,214625,0.0000
2020-02-14,26.6800,26.6800,26.3600,26.5600,18.0072,192064,0.0000
2020-02-07,26.2800,26.4300,26.1500,26.4100,17.9055,247588,0.1269
2020-01-31,26.4600,26.5700,26.1500,26.2800,17.7314,172292,0.0000
2020-01-24,26.5400,26.5700,26.3700,26.3800,17.7989,318168,0.0000
2020-01-17,26.5200,26.5500,26.4400,26.5000,17.8799,336852,0.0000
2020-01-10,26.4600,26.5000,26.3800,26.4900,17.8731,255534,0.0000
2020-01-03,26.4000,26.4200,26.2700,26.4100,17.8191,278893,0.0000
2019-12-27,26.3500,26.3500,26.2600,26.3100,17.7517,64209,0.0000
2019-12-20,26.1800,26.4600,26.1800,26.2400,17.7044,156653,0.1510
2019-12-13,26.1700,26.2000,25.9600,26.2000,17.5763,149866,0.0000
2019-12-06,25.9900,25.9900,25.8100,25.9800,17.4287,238725,0.1345
2019-11-29,25.9900,26.0900,25.9400,26.0500,17.3852,98960,0.0000
2019-11-22,26.0500,26.0500,25.8500,25.8800,17.2718,242438,0.0000
2019-11-15,26.2300,26.2300,25.9300,26.0000,17.3519,104216,0.0000
2019-11-08,26.0600,26.0800,25.9300,26.0000,17.3519,155146,0.0000
2019-11-01,26.1500,26.2000,25.9200,25.9600,17.3252,349298,0.1333
2019-10-25,26.1300,26.1500,26.0600,26.1500,17.3628,80777,0.0000
2019-10-18,26.0200,26.1000,26.0100,26.0800,17.3163,92377,0.0000
2019-10-11,25.9000,26.3500,25.8300,26.0100,17.2698,99024,0.0000
2019-10-04,26.1700,26.4500,25.8000,25.9100,17.2034,97954,0.1369
2019-09-27,26.1400,26.2400,26.1200,26.1600,17.2785,69750,0.0000
2019-09-20,26.1700,26.2400,26.1600,26.1900,17.2983,44348,0.0000
2019-09-13,26.1400,26.2100,26.0500,26.1400,17.2652,160508,0.0000
2019-09-06,25.9500,26.1700,25.9000,26.0900,17.2322,122032,0.1262
2019-08-30,25.9900,26.2000,25.9900,26.0900,17.1488,63763,0.0000
2019-08-23,25.8600,26.0800,25.8600,25.9300,17.0437,87978,0.0000
2019-08-16,25.8400,25.9100,25.6900,25.8200,16.9713,74155,0.0000
2019-08-09,25.8100,25.8900,25.6900,25.8700,17.0042,107347,0.0000
2019-08-02,26.1811,26.2400,25.9700,26.0200,17.1028,424467,0.1388
2019-07-26,26.0500,26.2000,26.0300,26.1900,17.1232,273288,0.0000
2019-07-19,26.1300,26.1600,26.0000,26.0300,17.0186,90910,0.0000
2019-07-12,26.1200,26.1400,26.0200,26.0800,17.0513,109823,0.0000
2019-07-05,26.1500,26.1600,26.0000,26.1100,17.0709,82191,0.1382
2019-06-28,26.2000,26.2300,26.0900,26.1500,17.0068,126026,0.0000
2019-06-21,25.9100,27.3600,25.8600,26.2100,17.0458,201900,0.0000
2019-06-14,25.8500,25.9400,25.8300,25.9200,16.8572,164825,0.0000
2019-06-07,25.5000,25.8290,25.4400,25.8100,16.7857,154360,0.1350
2019-05-31,25.8200,25.8400,25.6400,25.6400,16.5872,68361,0.0000
2019-05-24,25.9200,25.9400,25.8100,25.8100,16.6972,64593,0.0000
2019-05-17,25.9000,25.9500,25.7900,25.8900,16.7489,96269,0.0000
2019-05-10,26.0400,26.0700,25.8700,25.9500,16.7877,111653,0.0000
2019-05-03,26.2100,26.2300,26.0000,26.0700,16.8654,123893,0.1306
2019-04-26,26.1300,26.1900,26.1000,26.1650,16.8424,97232,0.0000
2019-04-18,26.1400,26.1700,26.1000,26.1400,16.8263,150278,0.0000
2019-04-12,26.0300,26.1000,25.9700,26.0800,16.7877,198441,0.0000
2019-04-05,25.9500,26.1000,25.9000,26.0100,16.7427,88709,0.0976
2019-03-29,25.8200,26.0400,25.8200,26.0200,16.6864,425365,0.0000
2019-03-22,25.6800,25.8800,25.6200,25.7500,16.5132,492250,0.0000
2019-03-15,25.5900,25.8200,25.5400,25.6800,16.4683,68254,0.0000
2019-03-08,25.5700,25.6200,25.5000,25.5600,16.3914,82097,0.0000
2019-03-01,25.7100,25.7600,25.4700,25.5200,16.3657,253120,0.0949
2019-02-22,25.4800,25.5900,25.4200,25.5300,16.3115,54430,0.0000
2019-02-15,25.3800,25.5700,25.3100,25.5200,16.3051,54123,0.0000
2019-02-08,25.2800,25.6200,25.2600,25.3900,16.2220,43596,0.0000
2019-02-01,25.1500,25.5400,25.0700,25.3600,16.2029,41568,0.0933
2019-01-25,25.1900,25.2800,24.9000,25.2100,16.0480,151781,0.0000
2019-01-18,25.1400,25.3400,25.0300,25.2000,16.0416,53502,0.0000
2019-01-11,24.9300,25.1700,24.8200,24.9700,15.8952,54612,0.0000
2019-01-04,24.5400,24.9100,24.5100,24.8000,15.7870,73486,0.0000
2018-12-28,24.4600,24.7700,24.3400,24.6200,15.6724,216612,0.0000
2018-12-21,24.8700,25.1000,24.4700,24.5900,15.6533,78265,0.1262
2018-12-14,24.8200,25.0000,24.7100,24.8700,15.7512,33378,0.0000
2018-12-07,24.7600,25.1300,24.6900,24.7500,15.6752,44778,0.0934
2018-11-30,24.9300,24.9800,24.7500,24.9000,15.7112,28910,0.0000
2018-11-23,24.8900,25.0404,24.7900,24.8100,15.6544,13603,0.0000
2018-11-16,25.1700,25.2000,24.8400,24.8400,15.6733,27006,0.0000
2018-11-09,24.9300,25.2300,24.9200,25.0100,15.7806,37518,0.0000
2018-11-02,25.4400,25.4400,24.9000,24.9300,15.7301,235761,0.0922
2018-10-26,25.2100,25.2500,25.0100,25.1300,15.7979,65437,0.0000
2018-10-19,25.1700,25.4000,25.1000,25.1700,15.8230,262788,0.0000
2018-10-12,25.2300,25.3400,25.0800,25.3400,15.9299,125662,0.0000
2018-10-05,25.6000,25.6000,25.2500,25.2500,15.8733,78559,0.0920
2018-09-28,25.5500,25.6800,25.4600,25.5500,16.0042,152945,0.0000
2018-09-21,25.5000,25.6400,25.4700,25.6300,16.0543,22603,0.0000
2018-09-14,25.4600,25.6500,25.4300,25.5200,15.9854,39859,0.0000
2018-09-07,25.4600,25.6300,25.4400,25.4400,15.9353,52692,0.0905
2018-08-31,25.7900,25.7900,25.5800,25.6500,16.0099,356779,0.0000
2018-08-24,25.7500,25.8500,25.5700,25.6800,16.0287,182106,0.0000
2018-08-17,25.5600,25.7300,25.5000,25.5500,15.9475,35809,0.0000
2018-08-10,25.5000,25.7000,25.4500,25.5000,15.9163,95751,0.0000
2018-08-03,25.6400,25.6700,25.3800,25.4000,15.8539,84434,0.0904
2018-07-27,25.5800,25.6300,25.4500,25.5300,15.8789,25793,0.0000
2018-07-20,25.4000,25.5900,25.4000,25.5300,15.8789,60649,0.0000
2018-07-13,25.5007,25.5392,25.3800,25.4800,15.8478,110799,0.0000
2018-07-06,25.3000,25.5600,25.2200,25.4600,15.8353,49614,0.0629
2018-06-29,25.4500,25.5600,25.2600,25.3100,15.7029,102536,0.0000
2018-06-22,25.4500,25.5200,25.3600,25.3800,15.7464,262203,0.0000
2018-06-15,25.4200,25.5900,25.4000,25.5800,15.8704,101268,0.0000
2018-06-08,25.5000,25.5000,25.3800,25.4400,15.7836,41668,0.0000
2018-06-01,25.4800,25.6700,25.4100,25.4800,15.8084,171036,0.0708
2018-05-25,25.3600,25.5200,25.3400,25.5000,15.7770,52798,0.0000
2018-05-18,25.4900,25.6100,25.3600,25.3800,15.7027,27258,0.0000
2018-05-11,25.5500,25.7500,25.3800,25.5800,15.8265,138032,0.0000
2018-05-04,25.5700,25.5900,25.3900,25.5400,15.8017,143310,0.0708
2018-04-27,25.6900,25.7000,25.4500,25.5200,15.7456,79834,0.0000
2018-04-20,25.8500,25.9300,25.6600,25.6900,15.8505,28686,0.0000
2018-04-13,25.6300,25.8400,25.6200,25.7700,15.8998,49022,0.0000
2018-04-06,25.7200,25.7700,25.5500,25.6400,15.8196,59021,0.0728
2018-03-29,25.5100,25.8000,25.5100,25.6800,15.7994,20467,0.0000
2018-03-23,25.7600,25.8300,25.5700,25.6200,15.7625,65508,0.0000
2018-03-16,25.7800,25.9300,25.6400,25.7600,15.8486,115325,0.0000
2018-03-09,25.8300,26.1700,25.6900,25.7600,15.8486,57854,0.0000
2018-03-02,25.9400,26.0200,25.6800,25.7400,15.8363,409856,0.0698
2018-02-23,25.8700,25.9200,25.7600,25.8400,15.8549,44750,0.0000
2018-02-16,25.8400,25.9100,25.6800,25.8500,15.8611,160442,0.0000
2018-02-09,26.2700,26.2700,25.5500,25.8200,15.8427,367148,0.0000
2018-02-02,26.4000,26.4100,26.0300,26.0400,15.9777,46169,0.0777
2018-01-26,26.4400,26.5000,26.3200,26.4600,16.1873,47680,0.0000
2018-01-19,26.4000,26.5800,26.3200,26.3600,16.1262,260940,0.0000
2018-01-12,26.5100,26.6000,26.2500,26.4000,16.1506,294866,0.0000
2018-01-05,26.6300,26.7000,26.3200,26.4300,16.1690,214890,0.0000
2017-12-29,26.4000,26.5800,26.3500,26.5800,16.2608,198385,0.0000
2017-12-22,26.6300,26.7200,26.2300,26.3600,16.1262,252105,0.1797
2017-12-15,26.6400,26.7500,26.4700,26.6300,16.1813,158694,0.0000
2017-12-08,26.6000,26.7000,26.4400,26.5300,16.1205,97542,0.0000
2017-12-01,26.5600,26.7790,26.4800,26.5500,16.1327,61140,0.0882
2017-11-24,26.5000,26.8800,26.3600,26.5800,16.0975,122631,0.0000
2017-11-17,26.5300,26.8499,26.3016,26.4000,15.9884,218924,0.0000
2017-11-10,26.7600,26.9800,26.4500,26.4900,16.0430,141098,0.0000
2017-11-03,26.7800,27.0400,26.6500,26.7300,16.1883,75123,0.0911
2017-10-27,26.7900,26.7900,26.5956,26.7000,16.1151,54348,0.0000
2017-10-20,26.8500,26.8500,26.6611,26.7000,16.1151,75769,0.0000
2017-10-13,27.0000,27.0000,26.5500,26.7000,16.1151,179895,0.0000
2017-10-06,26.7900,26.8413,26.5700,26.6350,16.0759,95086,0.0876
2017-09-29,26.7000,26.9600,26.6510,26.8228,16.1362,46267,0.0000
2017-09-22,26.6500,26.9850,26.5850,26.6773,16.0486,53141,0.0000
2017-09-15,26.8400,26.8400,26.4900,26.6943,16.0589,44414,0.0000
2017-09-08,26.6400,26.7999,26.6000,26.6800,16.0503,18575,0.0000
2017-09-01,26.6100,26.8270,26.5300,26.6700,16.0443,66114,0.0909
2017-08-25,26.9300,26.9400,26.5190,26.5700,15.9298,49333,0.0000
2017-08-18,26.6900,26.6900,26.4410,26.6400,15.9718,24316,0.0000
2017-08-11,26.5700,26.6310,26.3700,26.6000,15.9478,59883,0.0000
2017-08-04,26.6000,26.7192,26.5500,26.5800,15.9358,40233,0.0908
2017-07-28,26.6890,26.7102,26.4701,26.6700,15.9354,23197,0.0000
2017-07-21,26.5200,26.7600,26.4400,26.5910,15.8882,29836,0.0000
2017-07-14,26.4000,26.5950,26.2500,26.4600,15.8099,74365,0.0000
2017-07-07,26.5500,26.5900,26.2000,26.2500,15.6844,34162,0.0911
2017-06-30,26.7500,26.8700,26.5497,26.6200,15.8509,20680,0.0000
2017-06-23,26.7548,26.8480,26.6010,26.6935,15.8947,10949,0.0000
2017-06-16,26.4600,26.7900,26.4600,26.7500,15.9283,14039,0.0000
2017-06-09,26.5500,26.7864,26.4700,26.5505,15.8095,31481,0.0000
2017-06-02,26.7500,26.8174,26.5500,26.7750,15.9432,9980,0.0909
2017-05-26,26.7190,26.7800,26.4600,26.6300,15.8031,31949,0.0000
2017-05-19,26.3000,26.7680,26.2980,26.7650,15.8832,12993,0.0000
2017-05-12,26.4980,26.5650,26.3000,26.3000,15.6072,9077,0.0000
2017-05-05,26.4203,26.5950,26.2700,26.5227,15.7394,23031,0.0913
2017-04-28,26.4400,26.6299,26.3800,26.4700,15.6539,16874,0.0000
2017-04-21,26.3000,26.5340,26.3000,26.4200,15.6243,17495,0.0000
2017-04-13,26.1804,26.4041,26.1804,26.2800,15.5415,16827,0.0000
2017-04-07,26.0390,26.3990,26.0100,26.1000,15.4350,53846,0.0830
2017-03-31,25.8588,26.3799,25.8588,26.2000,15.4452,213393,0.0000
2017-03-24,26.0802,26.1100,25.8201,26.1035,15.3883,15634,0.0000
2017-03-17,25.8888,26.0923,25.8200,26.0380,15.3497,22176,0.0000
2017-03-10,26.1800,26.3583,25.8000,25.8500,15.2389,22903,0.0000
2017-03-03,26.4000,26.4000,26.0300,26.2100,15.4511,20125,0.0942
2017-02-24,26.2001,26.4391,26.0561,26.2700,15.4313,212622,0.0000
2017-02-17,26.2900,26.3798,26.0100,26.1400,15.3550,167453,0.0000
2017-02-10,26.1600,26.3618,25.9600,26.1200,15.3432,54103,0.0000
2017-02-03,26.2300,27.4000,26.0300,26.1200,15.3432,161882,0.0935
2017-01-27,26.2110,26.6899,26.0010,26.1100,15.2826,56447,0.0000
2017-01-20,26.4300,26.4600,26.0100,26.1300,15.2943,251306,0.0000
2017-01-13,26.0000,26.4400,25.8986,26.2158,15.3445,61202,0.0000
2017-01-06,25.9400,26.1599,25.7301,26.0800,15.2650,91561,0.0000
2016-12-30,25.9280,26.0643,25.6501,25.8800,15.1479,79749,0.0940
2016-12-23,25.7700,26.0500,25.5894,25.8900,15.0988,99160,0.0000
2016-12-16,25.8900,26.1450,25.5000,25.9250,15.1192,89118,0.0000
2016-12-09,25.5500,26.1200,25.3130,26.1200,15.2330,520511,0.0000
2016-12-02,25.9700,25.9700,25.2262,25.4300,14.8306,70063,0.0937
2016-11-25,25.7800,25.9000,25.4500,25.7200,14.9444,86446,0.0000
2016-11-18,25.0500,25.9480,25.0500,25.7940,14.9874,40242,0.0000
2016-11-11,26.1900,26.3200,25.5402,25.5601,14.8515,72075,0.0000
2016-11-04,26.3497,26.3497,26.0000,26.1400,15.1885,53757,0.0926
2016-10-28,26.5125,26.6099,26.3600,26.4023,15.2870,40812,0.0000
2016-10-21,26.4800,26.6300,26.3499,26.5400,15.3668,18617,0.0000
2016-10-14,26.4790,26.5300,26.2393,26.4000,15.2857,26143,0.0000
2016-10-07,26.3695,26.5400,26.2600,26.4500,15.3146,34103,0.0932
2016-09-30,26.4600,26.6500,26.4000,26.6500,15.3762,14153,0.0000
2016-09-23,26.2000,26.5550,26.2000,26.4600,15.2666,29020,0.0000
2016-09-16,26.1100,26.3641,26.0800,26.1992,15.1161,28563,0.0000
2016-09-09,26.5000,26.5900,26.3419,26.4999,15.2896,10787,0.0000
2016-09-02,26.5034,26.6061,26.0001,26.5000,15.2896,7920,0.0926
2016-08-26,26.5000,26.6500,26.3401,26.4700,15.2191,17624,0.0000
2016-08-19,26.3850,26.5899,26.2601,26.4452,15.2048,16722,0.0000
2016-08-12,26.2342,26.3736,26.0800,26.3300,15.1386,10622,0.0000
2016-08-05,26.1540,26.3499,26.0500,26.3193,15.1324,16088,0.0929
2016-07-29,26.3530,26.4500,26.1410,26.3000,15.0679,10574,0.0000
2016-07-22,26.4200,26.5900,26.1700,26.3860,15.1171,11793,0.0000
2016-07-15,26.2800,26.5057,26.0700,26.2613,15.0457,14717,0.0000
2016-07-08,26.1130,26.3211,25.8700,26.1000,14.9533,27562,0.0000
2016-07-01,25.5420,25.9900,25.5300,25.7788,14.7693,13443,0.0937
2016-06-24,25.5000,26.0000,25.5000,25.6888,14.6644,15385,0.0000
2016-06-17,25.7373,25.8985,25.3601,25.6300,14.6308,67939,0.0000
2016-06-10,25.7800,25.8869,25.5200,25.8800,14.7735,131670,0.0000
2016-06-03,25.6600,25.6600,25.3001,25.6500,14.6422,38735,0.0932
2016-05-27,25.4328,25.6100,25.1201,25.4810,14.4926,16999,0.0000
2016-05-20,25.5352,25.6650,25.0001,25.3600,14.4237,11636,0.0000
2016-05-13,25.5499,25.6685,25.0714,25.3040,14.3919,28241,0.0000
2016-05-06,25.6599,25.7300,25.3101,25.4610,14.4812,9715,0.0914
2016-04-29,25.5900,25.6500,25.2901,25.5028,14.4533,20370,0.0000
2016-04-22,25.3500,25.6300,25.2234,25.2929,14.3343,14710,0.0000
2016-04-15,25.0101,25.5000,25.0101,25.3476,14.3653,35785,0.0000
2016-04-08,25.1700,25.3099,25.0000,25.3000,14.3383,151822,0.0000
2016-04-01,24.8500,25.2199,24.6100,25.0101,14.1740,124515,0.0890
2016-03-24,24.8569,25.1300,24.7301,25.0131,14.1254,38853,0.0000
2016-03-18,24.8700,25.0399,24.4870,24.9548,14.0925,25678,0.0000
2016-03-11,24.5000,24.9400,24.2901,24.8000,14.0051,28442,0.0000
2016-03-04,24.0500,24.6899,24.0410,24.4500,13.8074,13150,0.0901
2016-02-26,24.0800,24.3999,23.7501,24.3300,13.6890,41559,0.0000
2016-02-19,23.3884,24.1060,23.3884,24.0749,13.5455,23677,0.0000
2016-02-12,23.7800,24.0120,23.5075,23.6766,13.3214,16458,0.0000
2016-02-05,23.8001,24.2924,23.7105,24.0467,13.5296,10651,0.0897
2016-01-29,24.0224,24.2699,23.7801,24.0300,13.4702,18312,0.0000
2016-01-22,23.8730,24.0599,23.6100,23.9100,13.4030,15963,0.0000
2016-01-15,24.1400,24.5799,23.8000,23.8000,13.3413,17711,0.0000
2016-01-08,24.2000,24.5499,24.0909,24.2000,13.5655,67432,0.0000
2015-12-31,24.2360,24.8300,23.9400,24.0800,13.4983,61737,0.1059
2015-12-24,24.3000,24.5694,24.1127,24.3904,13.6124,20907,0.0000
2015-12-18,24.3800,24.6299,24.0900,24.2400,13.5285,64368,0.0000
2015-12-11,24.6600,24.9199,24.2900,24.2900,13.5564,24229,0.0000
2015-12-04,25.0594,25.1290,24.6800,24.6800,13.7741,102318,0.0893
2015-11-27,25.0300,25.0799,24.7401,24.7901,13.7861,7089,0.0000
2015-11-20,25.0100,25.2500,24.7501,24.9424,13.8708,40938,0.0000
2015-11-13,24.9000,25.1600,24.7100,24.7400,13.7583,20305,0.0000
2015-11-06,25.1200,25.3899,24.9600,25.0060,13.9062,33142,0.0867
2015-10-30,25.4320,25.5293,25.2300,25.3909,14.0720,18239,0.0000
2015-10-23,25.2000,25.5300,25.1900,25.3700,14.0604,61493,0.0000
2015-10-16,25.3290,25.3799,25.1200,25.1800,13.9551,68735,0.0000
2015-10-09,24.8600,25.2781,24.8100,25.1600,13.9440,87440,0.0000
2015-10-02,25.0200,25.2200,24.7100,24.7500,13.7168,57416,0.0871
2015-09-25,25.4000,25.4499,25.2000,25.2100,13.9232,12707,0.0000
2015-09-18,25.2971,25.4400,25.2501,25.3200,13.9839,23923,0.0000
2015-09-11,25.2400,25.4299,25.2400,25.3600,14.0060,19836,0.0000
2015-09-04,25.3800,25.5000,25.1100,25.2101,13.9232,35414,0.0874
2015-08-28,25.3000,25.9200,24.0200,25.1900,13.8642,81826,0.0000
2015-08-21,25.3119,25.4200,25.0700,25.3700,13.9633,27811,0.0000
2015-08-14,25.4800,25.4800,25.3000,25.3400,13.9468,18019,0.0000
2015-08-07,25.5000,25.5710,25.3400,25.3400,13.9468,15026,0.0892
2015-07-31,25.4950,25.5899,25.4300,25.5100,13.9913,37038,0.0000
2015-07-24,25.5100,25.6760,25.3700,25.3800,13.9200,54658,0.0000
2015-07-17,25.5700,25.6500,25.4600,25.5501,14.0133,17803,0.0000
2015-07-10,25.5900,25.6599,25.5100,25.5610,14.0192,32869,0.0000
2015-07-02,25.6200,25.6800,25.5000,25.5000,13.9858,11498,0.0860
2015-06-26,25.8055,25.8400,25.6301,25.6400,14.0154,24995,0.0000
2015-06-19,25.6700,25.9030,25.6500,25.6901,14.0428,33719,0.0000
2015-06-12,25.8399,25.8399,25.6200,25.7070,14.0521,52672,0.0000
2015-06-05,26.4400,26.4400,25.7800,25.8490,14.1297,16604,0.0847
2015-05-29,25.9900,26.4300,25.9900,26.1500,14.2481,14262,0.0000
2015-05-22,26.0000,26.3500,25.9500,26.0201,14.1773,11733,0.0000
2015-05-15,26.2200,26.2600,25.9600,26.0376,14.1868,22474,0.0000
2015-05-08,26.2300,26.3300,25.9500,26.1700,14.2590,24400,0.0000
2015-05-01,26.6100,26.6800,26.1400,26.2100,14.2808,12900,0.0838
2015-04-24,26.6400,26.6500,26.3600,26.6500,14.4742,23000,0.0000
2015-04-17,26.3900,26.6600,26.3700,26.4900,14.3873,20300,0.0000
2015-04-10,26.5000,26.6600,26.2600,26.3200,14.2950,13600,0.0000
2015-04-02,26.5000,26.5000,26.2900,26.3600,14.3167,11500,0.0889
2015-03-27,26.4600,26.4900,26.1400,26.4800,14.3335,18400,0.0000
2015-03-20,26.1500,26.5200,26.1200,26.4000,14.2902,19200,0.0000
2015-03-13,26.2200,26.4300,26.1400,26.1700,14.1657,50900,0.0000
2015-03-06,26.4600,26.5700,26.2000,26.3500,14.2632,103500,0.0703
2015-02-27,26.2900,26.7400,26.2900,26.7000,14.4141,120900,0.0000
2015-02-20,26.2900,26.5000,26.2200,26.4400,14.2737,19400,0.0000
2015-02-13,26.4400,26.5400,26.0700,26.5200,14.3169,37300,0.0000
2015-02-06,26.5600,26.6700,26.2800,26.4200,14.2629,28000,0.0733
2015-01-30,26.3000,26.6500,26.3000,26.4900,14.2612,70800,0.0000
2015-01-23,26.4100,26.4500,26.2500,26.4300,14.2289,31200,0.0000
2015-01-16,26.2800,26.7000,26.1200,26.4600,14.2450,116200,0.0000
2015-01-09,26.9200,26.9200,26.0000,26.2000,14.1051,25600,0.0000
2015-01-02,25.9600,26.7000,25.9000,26.0200,14.0081,76800,0.1008
2014-12-26,26.2400,26.5500,26.0400,26.1300,14.0129,89200,0.0000
2014-12-19,25.8000,26.3600,25.8000,26.2100,14.0558,230400,0.0000
2014-12-12,25.9200,26.1000,25.8200,25.9000,13.8896,21900,0.0000
2014-12-05,26.0700,26.3100,25.8800,26.0200,13.9540,47700,0.0780
2014-11-28,26.1800,26.4000,25.9700,26.3100,14.0674,38900,0.0000
2014-11-21,26.1200,26.3600,26.0600,26.1300,13.9712,18700,0.0000
2014-11-14,26.3700,26.4100,26.0900,26.2700,14.0460,70800,0.0000
2014-11-07,26.4100,26.5400,26.1200,26.2400,14.0300,89600,0.0845
2014-10-31,26.5300,26.6800,26.1900,26.5200,14.1342,26900,0.0000
2014-10-24,26.4300,26.6100,26.2900,26.4100,14.0755,30900,0.0000
2014-10-17,26.1600,26.8600,25.4900,26.5700,14.1608,95500,0.0000
2014-10-10,26.1400,26.3900,26.0700,26.2400,13.9849,18700,0.0000
2014-10-03,26.1300,26.2600,26.0600,26.2400,13.9849,33300,0.0713
2014-09-26,26.4300,26.4400,25.6300,26.2900,13.9734,55500,0.0000
2014-09-19,26.1900,26.4000,26.1900,26.3900,14.0265,182500,0.0000
2014-09-12,26.5000,26.5800,26.2300,26.2300,13.9415,128100,0.0000
2014-09-05,26.5800,26.7200,26.4200,26.5700,14.1222,199700,0.0862
2014-08-29,26.6800,26.8600,26.5600,26.8100,14.2039,38600,0.0000
2014-08-22,26.5800,26.9000,26.4400,26.6400,14.1138,20600,0.0000
2014-08-15,26.2900,26.5800,26.2900,26.5400,14.0608,23000,0.0000
2014-08-08,26.2100,26.3800,26.1900,26.2900,13.9284,29700,0.0000
2014-08-01,26.5900,26.5900,26.1200,26.2200,13.8913,22400,0.0958
2014-07-25,26.5400,26.5900,26.4000,26.5200,13.9991,26500,0.0000
2014-07-18,26.5300,26.6100,26.1400,26.4800,13.9780,48500,0.0000
2014-07-11,26.5000,26.6000,26.2900,26.5900,14.0361,29800,0.0000
2014-07-03,26.5300,26.6700,26.4100,26.4500,13.9622,38200,0.0866
2014-06-27,26.6000,26.6800,26.4700,26.6800,14.0378,31000,0.0000
2014-06-20,26.5400,26.5700,26.3800,26.5600,13.9747,31100,0.0000
2014-06-13,26.4800,26.5300,26.3300,26.5300,13.9589,9900,0.0000
2014-06-06,26.4900,26.5200,26.2800,26.4700,13.9273,127900,0.0854
2014-05-30,26.5600,26.6700,26.3700,26.6400,13.9716,5700,0.0000
2014-05-23,26.5700,26.5700,26.3400,26.5200,13.9086,117000,0.0000
2014-05-16,26.3400,26.5600,26.2300,26.5400,13.9191,43700,0.0000
2014-05-09,26.3500,26.3900,26.2100,26.3500,13.8195,22800,0.0000
2014-05-02,26.3300,26.3500,26.1800,26.2500,13.7670,35600,0.0862
2014-04-25,26.2600,26.3800,26.1200,26.2100,13.7009,41900,0.0000
2014-04-17,26.3400,26.3600,26.0900,26.3600,13.7794,36400,0.0000
2014-04-11,26.1800,26.3300,26.0100,26.1200,13.6539,20800,0.0000
2014-04-04,25.9700,26.1300,25.9300,26.1300,13.6591,76300,0.0754
2014-03-28,25.9600,26.1400,25.9100,26.1300,13.6196,105200,0.0000
2014-03-21,25.8800,26.0500,25.8500,26.0100,13.5570,27200,0.0000
2014-03-14,26.0000,26.0700,25.8300,25.9500,13.5257,34700,0.0000
2014-03-07,25.9700,26.1500,25.8200,25.8500,13.4736,118700,0.0897
2014-02-28,25.9000,26.1700,25.9000,26.0100,13.5106,64867,0.0000
2014-02-21,25.7200,25.9500,25.7200,25.9400,13.4742,7226,0.0000
2014-02-14,25.7700,25.8900,25.6400,25.8900,13.4482,14700,0.0000
2014-02-07,25.7100,25.8000,25.5700,25.7400,13.3703,20700,0.0954
2014-01-31,25.5200,25.8200,25.3100,25.8200,13.3622,31400,0.0000
2014-01-24,25.7700,25.7700,25.4100,25.6600,13.2794,29300,0.0000
2014-01-17,25.4500,25.7500,25.3500,25.5100,13.2018,100119,0.0000
2014-01-10,25.5400,25.6500,25.2100,25.5900,13.2432,32100,0.0000
2014-01-03,25.3700,25.5600,25.1700,25.5600,13.2277,12300,0.0000
2013-12-27,25.7100,25.7100,25.3600,25.6400,13.2691,6104,0.1770
2013-12-20,25.6900,25.7900,25.3500,25.3900,13.0496,27300,0.0000
2013-12-13,25.6500,25.6800,25.2800,25.5700,13.1421,40000,0.0000
2013-12-06,25.5200,25.7200,25.2400,25.2700,12.9879,24900,0.0862
2013-11-29,25.5400,25.7900,25.5300,25.5400,13.0825,17300,0.0000
2013-11-22,25.5300,25.7200,25.5200,25.5500,13.0877,6500,0.0000
2013-11-15,25.6400,25.7000,25.4000,25.7000,13.1645,15300,0.0000
2013-11-08,25.6700,25.8000,25.5100,25.6500,13.1389,5751,0.0000
2013-11-01,25.8900,25.9000,25.5000,25.6600,13.1440,5400,0.0859
2013-10-25,25.5500,25.8600,25.5500,25.8600,13.2022,20700,0.0000
2013-10-18,25.3000,25.7400,25.2200,25.5300,13.0338,35700,0.0000
2013-10-11,25.4000,25.5000,25.1100,25.2700,12.9010,5500,0.0000
2013-10-04,25.4100,25.4100,25.2300,25.4100,12.9725,7500,0.0879
2013-09-27,25.4000,25.4500,25.3000,25.3500,12.8971,2100,0.0000
2013-09-20,25.1800,25.4300,25.0700,25.2500,12.8463,21100,0.0000
2013-09-13,25.1000,25.1100,24.8300,25.1000,12.7700,58400,0.0000
2013-09-06,24.8600,25.1300,24.7700,24.8100,12.6224,74400,0.0848
2013-08-30,24.9500,25.3000,24.8500,25.0700,12.7114,91100,0.0000
2013-08-23,25.0200,25.2100,24.6800,24.9900,12.6709,106800,0.0000
2013-08-16,25.2600,25.4200,24.7700,25.0000,12.6759,137200,0.0000
2013-08-09,25.5000,25.5800,25.2100,25.2400,12.7976,43500,0.0000
2013-08-02,25.7000,25.8800,25.3000,25.5600,12.9599,17200,0.0820
2013-07-26,25.6300,26.0600,25.5000,25.8100,13.0444,34100,0.0000
2013-07-19,25.4000,26.2000,25.3700,26.2000,13.2415,26400,0.0000
2013-07-12,25.2200,25.5700,25.0000,25.3800,12.8271,16700,0.0000
2013-07-05,25.4300,25.5000,24.9300,25.4400,12.8574,290300,0.0864
2013-06-28,25.1300,25.5600,24.9900,25.4900,12.8390,117400,0.0000
2013-06-21,25.8300,26.7700,25.3300,25.3700,12.7786,177400,0.0000
2013-06-14,26.0100,26.0100,25.6100,25.8000,12.9951,133300,0.0000
2013-06-07,26.2000,26.2600,25.6900,25.8200,13.0052,339900,0.0854
2013-05-31,26.4800,26.6000,26.3100,26.3800,13.2436,12300,0.0000
2013-05-24,26.7100,26.7600,26.3300,26.4800,13.2938,57300,0.0000
2013-05-17,26.9100,26.9100,26.5700,26.7400,13.4244,126700,0.0000
2013-05-10,26.8000,26.9100,26.7600,26.8600,13.4846,255700,0.0000
2013-05-03,26.8000,26.9700,26.7800,26.8600,13.4846,138700,0.0861
2013-04-26,26.5400,26.7800,26.5400,26.7300,13.3764,76500,0.0000
2013-04-19,26.6900,26.7000,26.5700,26.6400,13.3314,361200,0.0000
2013-04-12,26.5500,26.6500,26.4800,26.6300,13.3264,125200,0.0000
2013-04-05,26.4600,26.6200,26.3300,26.4700,13.2463,121700,0.0829
2013-03-28,26.4800,26.5400,26.3900,26.4100,13.1750,12600,0.0000
2013-03-22,26.3700,26.6500,26.3000,26.3800,13.1600,328900,0.0000
2013-03-15,26.2200,26.5600,26.2200,26.3600,13.1500,465700,0.0000
2013-03-08,26.3000,26.5700,26.2900,26.4000,13.1700,146200,0.0000
2013-03-01,26.5000,26.6600,26.3400,26.4000,13.1700,110000,0.0884
2013-02-22,26.2200,26.6100,25.5000,26.4500,13.1509,75100,0.0000
2013-02-15,26.4000,26.4100,26.2100,26.3800,13.1161,20100,0.0000
2013-02-08,26.3600,26.5300,26.2100,26.2500,13.0515,74800,0.0000
2013-02-01,26.7500,27.0600,26.3700,26.6100,13.2305,9900,0.0765
2013-01-25,26.6600,27.4600,26.4500,26.7600,13.2669,35500,0.0000
2013-01-18,26.7200,26.8300,26.4300,26.7200,13.2471,47700,0.0000
2013-01-11,26.5300,26.9700,26.4500,26.6300,13.2024,16000,0.0000
2013-01-04,26.7300,26.7900,26.3900,26.6100,13.1925,25700,0.0000
2012-12-28,26.5800,26.7100,26.3800,26.6600,13.2173,23600,0.0853
2012-12-21,26.4100,26.6100,26.4100,26.5600,13.1257,44100,0.0000
2012-12-14,26.3900,26.6100,26.3800,26.5200,13.1060,74800,0.0000
2012-12-07,26.5300,26.6200,26.3500,26.5500,13.1208,43100,0.1048
2012-11-30,26.3800,26.5800,26.3600,26.5600,13.0738,87600,0.0000
2012-11-23,26.4800,26.5000,26.1200,26.4900,13.0393,170200,0.0000
2012-11-16,26.2900,26.5800,26.0200,26.3900,12.9901,171200,0.0000
2012-11-09,26.5100,26.6200,26.2800,26.3600,12.9753,181700,0.0000
2012-11-02,26.5100,26.6800,26.3700,26.6100,13.0984,13100,0.0887
2012-10-26,26.5300,26.7000,26.4000,26.5700,13.0353,72200,0.0000
2012-10-19,26.4700,26.7200,26.3100,26.7200,13.1089,95100,0.0000
2012-10-12,26.5200,26.8900,26.0000,26.5900,13.0451,49100,0.0000
2012-10-05,26.3300,26.5100,26.2100,26.4700,12.9862,44000,0.0868
2012-09-28,26.3300,26.4300,26.0700,26.3300,12.8751,251300,0.0000
2012-09-21,26.5100,26.5600,26.0100,26.2600,12.8409,5300,0.0000
2012-09-14,26.3000,26.3300,26.0000,26.1600,12.7920,31500,0.0000
2012-09-07,26.1100,26.2500,25.9200,26.2500,12.8360,32400,0.0920
2012-08-31,26.1900,26.2400,25.9400,26.1200,12.7277,68100,0.0000
2012-08-24,26.0300,26.2400,25.9000,26.2000,12.7667,18400,0.0000
2012-08-17,26.0500,26.1600,26.0000,26.0000,12.6693,29800,0.0000
2012-08-10,26.1800,26.1800,26.0700,26.1000,12.7180,2800,0.0000
2012-08-03,26.3800,26.3900,25.9400,26.0800,12.7082,70400,0.0898
2012-07-27,26.0200,26.4600,26.0000,26.3000,12.7718,61400,0.0000
2012-07-20,25.9200,26.4900,25.8700,26.0800,12.6650,30400,0.0000
2012-07-13,25.7800,26.0000,25.7800,25.8700,12.5630,21900,0.0000
2012-07-06,25.6700,25.6900,25.6700,25.6900,12.4756,5200,0.0316
2012-06-29,25.5200,25.7500,25.5000,25.7300,12.4796,11900,0.0000
